id,tipo,titulo,sinopsis,generos,rating,anio,fuente,fuente_id,autor_director,idioma
016d6b3ab0b8182a,pelicula,Spider-Man: Brand New Day,"Han pasado cuatro años desde los acontecimientos de No Way Home, y Peter Parker ahora es un adulto que vive completamente solo, ha desaparecido voluntariamente de las vidas y recuerdos de quienes ama. Combatiendo el crimen en una Nueva York que ya no conoce su nombre, se ha dedicado por completo a proteger su ciudad, pero a medida que aumentan las exigencias sobre él, la presión desencadena una evolución física que amenaza su existencia, al mismo tiempo que un extraño nuevo patrón de crímenes da lugar a una de las amenazas más poderosas a las que se ha enfrentado.",Ciencia ficción|Acción|Aventura,7.865,2026,tmdb,969681,,en
349df56f205bbd4d,pelicula,Coyote vs. Acme,"Después de que todos los productos fabricados por ACME Corporation le salgan mal a Wile E. Coyote, en su persecución del Correcaminos, contrata a un abogado humano igualmente desafortunado para demandar a la empresa. Cuando el abogado de Wile E. descubre que el intimidante jefe de su antiguo bufete es el director general de ACME, se une a Wile E. para ganar el juicio contra él.",Comedia|Aventura|Familia,7.7,2026,tmdb,1204680,,en
03dcb62e624909d7,pelicula,La Odisea,"Tras la caída de Troya, el legendario rey de Ítaca, Odiseo a.k.a. Ulises, emprende un largo y peligroso viaje para regresar junto a su esposa Penélope y su hijo Telémaco. En el camino deberá enfrentarse a criaturas mitológicas, dioses caprichosos y pruebas que pondrán a prueba su ingenio, su resistencia y su humanidad. Mientras tanto, en Ítaca, el futuro de su reino pende de un hilo ante la creciente amenaza de quienes creen que jamás volverá.",Aventura|Acción|Fantasía,7.999,2026,tmdb,1368337,,en
4e6788c80cb297e0,pelicula,El motín,"Después de que su jefe, un industrial multimillonario, sea asesinado delante de él, Cole Reed se ve obligado a cargar con la culpa del crimen, lo que le obliga a huir mientras trabaja para descubrir una conspiración internacional.",Acción|Suspense,6.4,2026,tmdb,1288445,,en
186dfecd032c4221,pelicula,A la carrera,"En el thriller psicológico A la carrera, Maia Marten, una brillante abogada londinense, ve cómo su vida se desmorona tras recibir una llamada durante su carrera matutina: han secuestrado a su hijo. Para recuperarlo, debe seguir corriendo, cumplir todas las órdenes despiadadas y no confiar en nadie. Cada segundo es una prueba de hasta dónde puede llegar una madre para salvar a su hijo.",Suspense|Acción,6.736,2026,tmdb,1386315,,en
eff974ed3ed56fb3,pelicula,Colony,"El profesor Se-jeong es arrojado a una pesadilla cuando un  virus en rápida mutación se libera durante una conferencia de  biotecnología, lo que lleva a las autoridades a sellar las  instalaciones. Atrapado dentro sin escapatoria, Se-jeong, junto a un  pequeño grupo de supervivientes, debe luchar por mantenerse con vida  mientras los infectados sufren transformaciones horribles.",Acción|Terror|Ciencia ficción,8.1,2026,tmdb,1375646,,ko
2b8387536c4632cf,pelicula,Ghost in the Cell,"En una conocida prisión, una fuerza invisible comienza a matar brutalmente a los reclusos, obligando a las bandas enemigas y a los guardias corruptos a trabajar juntos mientras intentan sobrevivir al creciente derramamiento de sangre.",Terror|Comedia|Suspense,7.109,2026,tmdb,1393326,,id
5c90fe4a80549263,pelicula,Mayday,"Cuando un piloto de la Marina estadounidense en misión ultrasecreta durante la Guerra Fría queda atrapado tras las líneas enemigas, su única oportunidad de sobrevivir es aliarse con un excéntrico exagente del KGB.",Acción|Comedia,7.929,2026,tmdb,1137844,,en
10363be2c90e4a4f,pelicula,Obsession,El anhelo romántico desesperado de un chico por su amor platónico de toda la vida desencadena un siniestro hechizo: Nikki se vuelve irracionalmente obsesiva hasta convertirse en la sombra de Bear. Una fantasía aparentemente inofensiva que se convertirá en una perturbadora pesadilla.,Terror|Suspense,8.2,2026,tmdb,1339713,,en
996c12e71bc65308,pelicula,Furia de los Thunderman,"Chloe, la hermana pequeña, desarrolla de repente un poder energético impredecible, y la Liga de Héroes exige enviarla a un internado de alta seguridad. La familia se divide: unos quieren entregarla por seguridad y otros deciden esconderla. Cuando la decana revela un plan oculto y peligroso, todos tendrán que unirse para salvarla y proteger la ciudad.",Película de TV|Familia|Ciencia ficción|Acción|Comedia,7.0,2026,tmdb,1506560,,en
895fdcbfd99ce3c2,pelicula,Sunrise. El último amanecer,"Basada en la aclamada novela, SUNRISE. El último amanecer presenta a Ry, una estudiante con una enfermedad crónica durante un verano en Mallorca con su madre. Tras enamorarse de Julián y empezar a vivir el presente, su enfermedad empeora y los secretos familiares ocultos durante años amenazan con arruinarlo todo antes del fin del verano.",Romance|Drama,6.625,2026,tmdb,1516698,,en
801b4d4562cc6f3d,pelicula,La captura,"2016, estado de Sinaloa. Dos policías mexicanos, durante un control rutinario en las últimas horas de su turno, detienen un coche robado y se encuentran cara a cara con uno de los delincuentes más peligrosos del mundo: el Chapó Guzmán, patrón del temible Cártel de Sinaloa.",Crimen|Acción|Suspense,8.784,2026,tmdb,1621552,,es
f9b765716970d5c4,pelicula,Toy Story 5,"Los juguetes de Bonnie se enfrentan a otra amenaza cuando la niña recibe una tableta llamada Lilypad, la cual absorbe toda su atención y pone en peligro el juego tradicional. Todos deben unirse para competir contra la tecnología y recuperar su lugar.",Animación|Familia|Comedia|Aventura,8.348,2026,tmdb,1084244,,en
81ab7053fc38ab7d,pelicula,Above & Below,"Un grupo de amigos se embarca en unas vacaciones inolvidables. Lo que empieza como una aventura de fiestas y buceo, pronto se convierte en una pesadilla cuando son atacados por criminales en mar abierto.",Acción|Suspense|Terror|Crimen,6.2,2026,tmdb,1514682,,en
9884427d3eb58e94,pelicula,La señal del apocalipsis,"En un futuro caótico, Jemma, agente de una unidad especial internacional, sufre visiones inquietantes. Cuando niños desaparecen en todo el mundo, descubre un patrón ligado a una antigua profecía apocalíptica. Con el caos en aumento, deberá descifrar sus visiones para evitar una catástrofe global.",Acción|Ciencia ficción|Suspense,5.968,2026,tmdb,1323244,,en
28039ecf25680d8b,pelicula,Minions & Monsters,"Narra la historia de cómo los minions conquistaron la industria de Hollywood, se convirtieron en estrellas de cine, lo perdieron todo, desataron monstruos en el mundo y luego se unieron para intentar salvar al planeta del caos que acababan de crear.",Aventura|Animación|Comedia|Familia|Fantasía,7.569,2026,tmdb,1315772,,en
bcd256bf8c96febc,pelicula,Tóxico: Un cuento de hadas para adultos,"En el paraíso costero de Goa, un poderoso cártel de la droga mueve los hilos tras una fachada de playas bañadas por el sol y vibrante cultura. A medida que las rutas del contrabando se convierten en campos de batalla y las lealtades se deshacen en sospechas, la paranoia se convierte en un medio de supervivencia.",Acción|Crimen|Drama,8.0,2026,tmdb,1213243,,kn
2ee278379e810bd6,pelicula,Vaiana,"Vaiana (Catherine Lagaʻaia) responde a la llamada del océano y, por primera vez, viaja más allá del arrecife de su isla de Motunui con el semidiós Maui (Dwayne Johnson) en un viaje inolvidable para devolver la prosperidad a su pueblo.",Familia|Fantasía|Comedia|Aventura,6.138,2026,tmdb,1108427,,en
5ebb24764bfe4e48,pelicula,Susurran tu nombre,"Tras la desaparición de su hijo, un viudo pide ayuda a su distanciado padre, un inspector jubilado que encarceló al asesino en serie relacionado con el caso.",Crimen|Drama|Suspense,6.795,2026,tmdb,860508,,en
c9fc5b4335a0a9f9,pelicula,Batman: Knightfall Part 1: Knightfall,"Cuando el misterioso gigante conocido únicamente como Bane libera a toda la galería de villanos de Batman del Manicomio de Arkham, el Cruzado Encapuchado se ve llevado al límite de su resistencia física y mental.",Animación|Acción|Aventura|Ciencia ficción|Crimen|Drama,9.14,2026,tmdb,1560520,,en
afa7b401465a81ad,pelicula,Pinocho: Desatado,"Gepetto le regala para el cumple de su nieto James un titere llamado Pinocho, aunque no sabian que estaria desquiciado, donde buscaria matar a quien fuera junto con su consciencia llamada Pepe Grillo para convertirse en un niño de verdad",Terror|Fantasía|Misterio,6.633,2026,tmdb,1232569,,en
b260358b14e373fa,pelicula,Rosebush Pruning,"En una opulenta villa española, los hermanos estadounidenses Jack, Ed, Anna y Robert se regodean en el aislamiento y en su fortuna heredada. Cuando Jack, el hermano mayor y pieza clave de la familia, anuncia que se muda con su novia Martha, los lazos se agrietan y Ed se ve obligado a descubrir la verdad sobre la muerte de su madre. Las mentiras comienzan a desvelarse y el tejido familiar empieza a desintegrarse.",Comedia|Drama|Suspense,6.132,2026,tmdb,1130948,,en
fd73525b1cc8eaa6,pelicula,El día de la revelación,"Entre conspiraciones gubernamentales y avances tecnológicos, toda la humanidad está a punto de conocer la verdad sobre la existencia extraterrestre y su devenir.",Ciencia ficción|Suspense,7.469,2026,tmdb,1275779,,en
8cbcc86ff4414193,pelicula,Scary Movie,"Veintiséis años después de conseguir escapar de un asesino enmascarado sospechosamente familiar, el Core Four están de vuelta en el punto de mira del asesino y ninguna película de terror está a salvo.",Comedia,6.418,2026,tmdb,1273221,,en
b5b54f029bf66b68,pelicula,Backrooms,"Una extraña puerta aparece en el sótano de una tienda de muebles. Cuando el paciente de una terapeuta desaparece en una dimensión más allá de la realidad, ella deberá adentrarse en lo desconocido para intentar rescatarlo.",Terror|Misterio|Ciencia ficción,7.1,2026,tmdb,1083381,,en
908b370bba09b5db,pelicula,La muerte de Robin Hood,"Robin Hood intenta lidiar con sus demonios tras una larga vida de crímenes y asesinatos. Cuando en una sangrienta batalla resulta herido de gravedad, es enviado a un misterioso castillo para que curen sus heridas. Allí conocerá a una mujer que le ofrecerá una última oportunidad de redención.",Aventura|Drama|Acción,6.248,2026,tmdb,1284465,,en
ec923773d1c91d42,pelicula,Proyecto Salvación,"El profesor de ciencias Ryland Grace se despierta en una nave espacial a años luz de casa sin recordar quién es ni cómo ha llegado hasta allí. A medida que recupera la memoria, empieza a descubrir su misión: resolver el enigma de la misteriosa sustancia que provoca la extinción del sol. Deberá recurrir a sus conocimientos científicos y a sus ideas poco ortodoxas para salvar todo lo que hay en la Tierra de la extinción... pero una amistad inesperada significa que quizá no tenga que hacerlo solo.",Ciencia ficción|Aventura,8.645,2026,tmdb,687163,,en
9be208ffb84a9560,pelicula,Spider-Man: No Way Home,"Peter Parker es desenmascarado y por tanto no es capaz de separar su vida normal de los enormes riesgos que conlleva ser un súper héroe. Cuando pide ayuda a Doctor Strange, los riesgos pasan a ser aún más peligrosos, obligándole a descubrir lo que realmente significa ser Spider-Man.",Acción|Aventura|Ciencia ficción,7.946,2021,tmdb,634649,,en
101f2b8068df17e4,pelicula,Fall 2: Punto muerto,"Durante un peligroso ascenso por el monte Kwan, en Tailandia, dos escaladores quedan atrapados a miles de pies de altura; allí, las alturas que provocan vértigo, la exposición extrema y unas probabilidades de éxito casi nulas convierten cada instante en una lucha por la supervivencia.",Suspense,6.789,2026,tmdb,1101412,,en
aa08717f5e83602f,pelicula,Cadena perpetua,"Acusado del asesinato de su mujer, Andrew Dufresne, tras ser condenado a cadena perpetua, es enviado a la prisión de Shawshank. Con el paso de los años conseguirá ganarse la confianza del director del centro y el respeto de sus compañeros presidiarios, especialmente de Red, el jefe de la mafia de los sobornos.",Drama|Crimen,8.73,1994,tmdb,278,,en
bf2ce8885162bc10,pelicula,The Mandalorian and Grogu,"El Imperio ha caído y los señores de la guerra imperiales siguen dispersos por toda la galaxia. Mientras la incipiente Nueva República trabaja para proteger todo por lo que luchó la Rebelión, ha reclutado la ayuda del legendario cazarrecompensas mandaloriano Din Djarin y su joven aprendiz Grogu.",Acción|Aventura|Ciencia ficción,7.49,2026,tmdb,1228710,,en
fc540c4fe4aa2e8e,pelicula,La guerra de los mundos,"Will Radford, un destacado analista de ciberseguridad, pasa sus días rastreando posibles amenazas a la seguridad nacional a través de un programa de vigilancia masiva. Un ataque de una entidad desconocida le lleva a cuestionarse si el gobierno le está ocultando algo a él... y al resto del mundo.",Ciencia ficción|Suspense,4.026,2025,tmdb,755898,,en
7564641248db98db,pelicula,Bajo tus pies,"Isabel se muda con sus dos hijos a un edificio muy prestigioso con un alquiler asequible, pero un sistema de admisión peculiar. Una vez aceptados e instalados en su nuevo hogar, tres vecinas ancianas que viven en el piso de abajo le darán un vuelco a sus vidas.",Terror,5.5,2026,tmdb,1180894,,es
456f9bcd661875a7,pelicula,Supergirl,"Kara Zor-El es una heroína errabunda que decide aliarse a regañadientes con un compañero improbable para comenzar un viaje épico e interestelar de venganza y justicia, en el cual deberá decidir si su fuerza sirve para destruir o para proteger.",Acción|Aventura|Ciencia ficción,6.71,2026,tmdb,1081003,,en
53f98d7567624773,pelicula,Animales,"Un grupo de amigos que se conocen de toda la vida descubre que hay puertas que nunca se deben de abrir. Lo que empieza como un juego de deseo se convierte en una espiral de celos, mentiras y traiciones que arrasa con sus relaciones. Muy pronto entenderán que todos tenemos un lado animal.",Comedia|Suspense,6.1,2026,tmdb,1599993,,es
45a5fa3e9139d034,pelicula,Avatar Aang: El último maestro del aire,"Cuando el Avatar Aang, el último maestro del aire del mundo, descubre un poder ancestral que podría salvar a su cultura de la extinción, él y sus amigos se lanzan a la búsqueda de ese poder antes de que caiga en malas manos.",Animación|Aventura|Fantasía|Familia,9.177,2026,tmdb,980431,,en
750c30a6723cad85,pelicula,En mar abierto,Un avión comercial en ruta de Los Ángeles a Shanghai se ve obligado a realizar un aterrizaje de emergencia en aguas infestadas de tiburones.,Terror|Suspense,7.1,2026,tmdb,1127384,,en
2a187f54f3b06e86,pelicula,Just Play Dead,"Un hombre planea fingir su muerte y culpar al amante de su esposa por dinero del seguro. Ella trama matarlo de verdad y quedarse todo, iniciando un juego mortal.",Suspense|Crimen,6.583,2026,tmdb,1480574,,en
eb6f0e23c762f275,pelicula,Vengadores,"Cuando un enemigo inesperado surge como una gran amenaza para la seguridad mundial, Nick Fury, director de la Agencia SHIELD, decide reclutar a un equipo para salvar al mundo de un desastre casi seguro.",Ciencia ficción|Acción|Aventura,8.073,2012,tmdb,24428,,en
26a2e062c8ce837a,pelicula,Vengadores: Infinity War,"El todopoderoso Thanos ha despertado con la promesa de arrasar con todo a su paso, portando el Guantelete del Infinito, que le confiere un poder incalculable. Los únicos capaces de pararle los pies son los Vengadores y el resto de superhéroes de la galaxia, que deberán estar dispuestos a sacrificarlo todo por un bien mayor. Capitán América e Ironman deberán limar sus diferencias, Black Panther apoyará con sus tropas desde Wakanda, Thor y los Guardianes de la Galaxia e incluso Spider-Man se unirán antes de que los planes de devastación y ruina pongan fin al universo. ¿Serán capaces de frenar el avance del titán del caos?",Aventura|Acción|Ciencia ficción,8.242,2018,tmdb,299536,,en
f03036d9174cefd1,pelicula,La constelación del perro,"En un mundo postapocalíptico, un virus aniquila a prácticamente toda la humanidad. Los supervivientes se enfrentan a unos carroñeros errantes llamados ""Segadores"". El protagonista, Hig, un piloto, sobrevivió a la gripe pero perdió a su mujer.",Ciencia ficción|Drama,6.7,2026,tmdb,1384216,,en
977ab6ce252a62a5,pelicula,Gandhari,"Sigue la incesante búsqueda de una madre para encontrar y rescatar a su hija secuestrada, y explora temas de venganza y redención en medio de su angustioso viaje.",Acción|Drama|Suspense,4.6,2026,tmdb,1355228,,hi
dbf0b06957158bf3,pelicula,Escuadrón letal,"Unos astutos y traicioneros ladrones desafian a la Policía Judicial de Macao. La Policía, que se encontraba en una dura batalla, invita de nuevo al experto en rastreo Huang De Zhong, retirado desde hace muchos años, a unir fuerzas con la joven élite del Departamento de Investigación Criminal de la Policía Judicial. Bajo la colisión de las técnicas tradicionales de rastreo y la alta tecnología, la policía y los criminales luchan con ingenio y valentía, y se lanzan a un duelo entre el bien y el mal parecido al juego del gato y el ratón.",Acción|Crimen|Drama|Suspense,8.217,2025,tmdb,1419406,,zh
55f58b4a723463ad,pelicula,Bury the Devil,"Cuando una enfermera de hospicio se encuentra atrapada con un paciente de demencia, comienza a sospechar que algo más está mal con la mujer, algo de otro mundo, y debe luchar para sobrevivir a la noche.",Terror|Suspense,5.81,2026,tmdb,1432706,,en
8d089b944d496305,pelicula,Zootrópolis 2,"Después de resolver el caso más importante en la historia de Zootrópolis, los policías novatos Judy Hopps y Nick Wilde descubren que su asociación no es tan sólida como pensaban cuando el Jefe Bogo les ordena unirse al programa de consejería ""Compañeros en Crisis"". Pero no pasa mucho tiempo para que su asociación se ponga a prueba al máximo, cuando la llegada de Gary, la serpiente, pone la ciudad patas arriba.",Animación|Aventura|Comedia|Misterio|Familia,7.674,2025,tmdb,1084242,,en
9d7a9f195072e242,pelicula,He-Man y los Masters del Universo,"En las regiones más lejanas del espacio, el reino de Eternia está amenazado por el villano Skeletor y sus traviesos ejércitos de oscuridad. Para salvar el reino de su padre y proteger las vidas de sus seres queridos, el joven príncipe Adam tiene que recuperar una espada mítica y convertirse en el legendario guerrero conocido como He-Man.",Acción|Fantasía|Ciencia ficción,7.151,2026,tmdb,454639,,en
d0d55d97fcb711d1,pelicula,Super Mario Galaxy la película,"Secuela de 'Super Mario Bros: La película', basada en la saga 'Mario Galaxy'. Los hermanos Mario y Luigi y la princesa Peach emprenden una aventura hasta los confines del espacio y a través de la galaxia.",Familia|Comedia|Aventura|Fantasía|Animación,8.237,2026,tmdb,1226863,,en
e8070681e235c581,pelicula,Guardianes de la noche: Kimetsu no Yaiba La fortaleza infinita,El Cuerpo de Cazadores de Demonios se enfrenta a los Doce Kizuki restantes antes de enfrentarse a Muzan en el Castillo del Infinito para derrotarlo de una vez por todas.,Animación|Acción|Fantasía,8.782,2025,tmdb,1311031,,ja
9f0f30998947337b,pelicula,Avatar: Fuego y ceniza,"Jake Sully y Neytiri enfrentan una nueva amenaza en Pandora: los Ash People, una tribu Na'vi violenta y sedienta de poder, liderada por la implacable Varang. Tras la devastadora guerra contra la RDA y la pérdida de su hijo mayor, la familia de Jake deberá luchar por su supervivencia y el futuro de Pandora en un conflicto que llevará a los personajes a sus límites emocionales y físicos. Con nuevos y antiguos aliados, esta épica visual y emocional redefine el destino de un mundo al borde del abismo.",Ciencia ficción|Aventura|Fantasía,7.649,2025,tmdb,83533,,en
c6193a3d3b9d21b2,pelicula,Lucky Strike,"Un soldado estadounidense gravemente herido lucha por sobrevivir, durante la II Guerra Mundial, detrás de las líneas enemigas en la Bélgica devastada por la guerra durante la brutal Batalla de las Ardenas. Aislado y obligado a afrontar unas condiciones extremas, debe confiar en su ingenio, su entrenamiento militar y una radio dañada como su única esperanza para evadir a las tropas enemigas que lo buscan. Mientras enfrenta el peligro constante, su objetivo es desesperadamente restablecer contacto con su unidad antes de que sea demasiado tarde.",Acción|Bélica,6.9,2026,tmdb,1594914,,en
8653ce88dad97377,pelicula,Blood Covenant,"Sigue a un prometedor escritor de terror en el momento más bajo de su vida: años sin éxito, ahogado por las deudas y al borde del colapso. Desesperado, lleva a cabo un ritual ocultista para invocar a un demonio que le concederá las historias que ya no puede escribir. El pacto funciona, pero a un precio terrible. Cada cuento que crea exige un sacrificio: una libra de carne. A medida que su fama crece, su cuerpo y su alma se deterioran, y la inspiración se vuelve inseparable del dolor.",Terror,5.5,2026,tmdb,1625673,,en
cd2a2cc2ae5a5944,pelicula,Interstellar,Un grupo de exploradores hacen uso de un agujero de gusano recientemente descubierto para superar las limitaciones de los viajes espaciales tripulados y vencer las inmensas distancias que tiene un viaje interestelar.,Aventura|Drama|Ciencia ficción,8.487,2014,tmdb,157336,,en
014820610ec454b2,pelicula,Posesión infernal: En llamas,"Tras la muerte de su marido, una mujer busca consuelo junto a la familia de este en su aislada casa familiar. Pero, cuando uno a uno comienzan a convertirse en seres poseídos, el encuentro acaba convirtiéndose en una reunión familiar salida del infierno. Entonces descubre que los votos que hizo en vida siguen vigentes incluso después de la muerte.",Terror,7.7,2026,tmdb,1212763,,en
66adf971b451569e,pelicula,Vengadores: Endgame,"Tras el chasquido de Thanos que eliminó a la mitad de la vida en el universo, los Vengadores supervivientes quedan devastados y divididos. Cinco años después, una inesperada oportunidad les permite intentar revertir la catástrofe. Reuniéndose una vez más, los héroes emprenden una misión extrema que los obliga a viajar al pasado, enfrentarse a sus propias pérdidas y hacer sacrificios definitivos para restaurar el equilibrio del universo.",Aventura|Ciencia ficción|Acción,8.242,2019,tmdb,299534,,en
a63db5c310ce0dde,pelicula,El padrino,"Don Vito Corleone, conocido dentro de los círculos del hampa como ""El Padrino"", es el patriarca de una de las cinco familias que ejercen el mando de la Cosa Nostra en Nueva York (Estados Unidos) durante la década de 1940. Don Corleone tiene cuatro hijos: una chica, Connie, y tres varones; Sonny, Michael y Fredo. Cuando Vito reclina intervenir en el negocio de estupefacientes, empieza una cruenta lucha de violentos episodios entre las distintas familias del crimen organizado.",Drama|Crimen,8.686,1972,tmdb,238,,en
87c70985b9bd15b5,pelicula,El diablo viste de Prada 2,"Sigue la lucha de Miranda Priestly contra Emily Charlton, su exasistente convertida en ejecutiva rival, mientras compiten por los ingresos por publicidad en medio de la decadencia de los medios impresos y Miranda se acerca a la jubilación.",Comedia|Drama,7.047,2026,tmdb,1314481,,en
ef0b69a16ef91ef4,pelicula,El final de Oak Street,"Después de que un misterioso fenómeno cósmico arranque Oak Street de su entorno suburbano y transporte a sus habitantes a un lugar desconocido, la familia Platt pronto descubre que su propia supervivencia depende de que permanezcan unidos mientras se orientan en un entorno que ya no reconocen.",Ciencia ficción|Misterio|Suspense,6.358,2026,tmdb,1101383,,en
7b9de277ac44fa81,pelicula,LEGO Star Wars: The Mandalorian,"El Mandaloriano y Grogu se unen a sus aliados para celebrar una fiesta épica en homenaje a su heroísmo. Mientras los amigos entretienen al público con relatos de sus aventuras, se cierne sobre ellos la amenaza de unos piratas.",Animación|Ciencia ficción|Aventura|Familia|Acción,7.053,2026,tmdb,1731694,,en
3a49d3500787d94c,pelicula,Una mujer sin pasado,"Tras descubrir que tiene familia y un imperio naviero, una mujer con amnesia vuelve a su pasado acomodado y aparentemente perfecto para entender por qué lo abandonó.",Drama|Suspense|Misterio,6.412,2026,tmdb,1631807,,da
31a8378b3e23d106,pelicula,Obex,"Conor Marsh lleva una vida retirada con su perra, Sandy, hasta que un día empieza a jugar a OBEX, un nuevo juego de ordenador de última generación. Cuando Sandy desaparece, la línea entre la realidad y el juego se difumina y Conor debe aventurarse en el extraño mundo de OBEX para traerla a casa.",Fantasía|Aventura|Terror,6.0,2026,tmdb,1212461,,en
b7d43386c21c2bd3,pelicula,Prisión en llamas,"Ching, recluido en una prisión del estado chino, se las tendrá que ver con las bandas mafiosas de la carcel, así como con el jefe de prisión: el oficial Hung.",Crimen|Drama,7.0,1987,tmdb,53653,,cn
95c8ac97556b5425,pelicula,Spider-Man,"Peter Parker es un joven y tímido estudiante que vive con su tía May y su tío Ben desde la muerte de sus padres. Un día es mordido por una araña que ha sido modificada genéticamente, descubriendo al día siguiente que posee unos poderes poco habituales: tiene la fuerza y agilidad de una araña.",Acción|Ciencia ficción,7.352,2002,tmdb,557,,en
6a757033bf0442df,pelicula,La última casa,Una familia encerrada en su casa misteriosamente tendrá que unirse para sobrevivir a la escasez de recursos y a la siniestra amenaza que no los deja salir.,Terror|Ciencia ficción|Suspense,6.9,2026,tmdb,1284041,,en
69855c2e99ba049d,pelicula,Michael,"El viaje de Michael Jackson más allá de la música, desde el descubrimiento de su extraordinario talento como líder de los Jackson Five hasta convertirse en una visionaria estrella cuya ambición creativa despertó un incansable afán por consagrarse como el mayor icono de la industria del entretenimiento.",Música|Drama,8.653,2026,tmdb,936075,,en
3028d53cf380ff22,pelicula,Spider-Man: Cruzando el Multiverso,"Tras reencontrarse con Gwen Stacy, el amigable vecindario de Spider-Man de Brooklyn al completo es catapultado a través del Multiverso, donde se encuentra con un equipo de Spidermans encargados de proteger su propia existencia. Pero cuando los héroes se enfrentan sobre cómo manejar una nueva amenaza, Miles se encuentra enfrentado a las otras Arañas y debe redefinir lo que significa ser un héroe para poder salvar a la gente que más quiere.",Animación|Acción|Aventura|Ciencia ficción,8.347,2023,tmdb,569094,,en
8b107e394fe4450c,pelicula,Deadpool y Lobezno,"Un apático Wade Wilson se afana en la vida civil tras dejar atrás sus días como Deadpool, un mercenario moralmente flexible. Pero cuando su mundo natal se enfrenta a una amenaza existencial, Wade debe volver a vestirse a regañadientes con un Lobezno aún más reacio a ayudar.",Acción|Comedia|Ciencia ficción,7.586,2024,tmdb,533535,,en
b373681259dea14f,pelicula,Barreda,"Película basada en uno de los crímenes más impactantes de la historia de Argentina. En 1992, Ricardo Barreda, un dentista de aspecto inofensivo, asesinó brutalmente a su mujer, a su suegra y a sus dos hijas adultas en el domicilio familiar. Presentándose a sí mismo como una víctima, Ricardo Barreda desató una tormenta mediática y avivó un escándalo nacional.",Drama|Crimen|Historia,7.211,2026,tmdb,1471168,,es
ca04508d28fd15b5,pelicula,Borderline,"Ex militares estadounidenses se alían con operadores políticos para infiltrar ciudades con pandilleros mexicanos secuestrados, esperando caos criminal para ganar apoyo a agendas políticas radicales.",Suspense,5.969,2026,tmdb,1727780,,en
4382825b52983291,pelicula,El caballero oscuro,"Batman/Bruce Wayne regresa para continuar su guerra contra el crimen. Con la ayuda del teniente Jim Gordon y del Fiscal del Distrito Harvey Dent, Batman se propone destruir el crimen organizado en la ciudad de Gotham. El triunvirato demuestra su eficacia, pero, de repente, aparece Joker, un nuevo criminal que desencadena el caos y tiene aterrados a los ciudadanos.",Acción|Crimen|Suspense,8.535,2008,tmdb,155,,en
640f17796f43ec3f,pelicula,Insidious: Fuera del más allá,"La saga de terror vuelve a sus raíces sobrenaturales. Una nueva protagonista se enfrenta a misteriosas apariciones que van mucho más allá de los fenómenos de embrujamiento clásicos. El mal encuentra nuevos caminos en la realidad. Un trío de acechadores se infiltra en un tranquilo suburbio obligando a una nueva familia a entrar en el plano astral, donde descubren una aterradora verdad: el Más Allá está sangrando en el mundo real",Terror|Suspense,6.483,2026,tmdb,1291595,,en
b72a989a2394e714,pelicula,Shelter: El Protector,"En una remota isla, un hombre que vive en el exilio rescata a una niña de una peligrosa tempestad, lo que desencadena una serie de eventos que los ponen a ambos en grave peligro. A medida que sus destinos se entrelazan, su misión será protegerla a toda costa, mientras se enfrenta a los enemigos de su pasado, en una trepidante odisea por sobrevivir.",Acción|Crimen|Suspense,7.786,2026,tmdb,1290821,,en
372edf9e067ad38d,pelicula,Quiero Tu Sexo,"Cuando el joven e ingenuo Elliot consigue un emocionante trabajo para Erika Tracy, una reconocida artista, ícono y provocadora, sus fantasías se hacen realidad cuando ella lo elige para convertirlo en su musa sexual. Pero Elliot pronto descubre que la situación lo supera, mientras Erika lo conduce por un viaje mucho más profundo de lo que jamás habría imaginado, adentrándolo en un mundo de sexo, obsesión, poder, traición y asesinato.",Comedia,6.1,2026,tmdb,1288059,,en
16e988a26f646c2c,pelicula,Capitán América: Brave New World,"Tras reunirse con el recién elegido presidente de los EE. UU., Thaddeus Ross, Sam se encuentra en medio de un incidente internacional. Debe descubrir el motivo que se esconde tras un perverso complot global, antes de que su verdadero artífice enfurezca al mundo entero.",Acción|Suspense|Ciencia ficción,5.954,2025,tmdb,822119,,en
e7f48186081818c2,pelicula,Origen,"Dom Cobb es un ladrón hábil, el mejor de todos, especializado en el peligroso arte de extracción: el robo de secretos valiosos desde las profundidades del subconsciente durante el estado de sueño cuando la mente está más vulnerable. Esta habilidad excepcional de Cobb le ha hecho un jugador codiciado en el traicionero nuevo mundo de espionaje corporativo, pero al mismo tiempo, le ha convertido en un fugitivo internacional y ha tenido que sacrificar todo que le importaba. Ahora a Cobb se le ofrece una oportunidad para redimirse. Con un último trabajo podría recuperar su vida anterior, pero solamente si logra lo imposible.",Acción|Ciencia ficción|Aventura,8.373,2010,tmdb,27205,,en
2ec5266c8794ecb3,pelicula,Iron Man,"El multimillonario fabricante de armas Tony Stark debe enfrentarse a su turbio pasado después de sufrir un accidente con una de sus armas. Equipado con una armadura de última generación tecnológica, se convierte en 'El hombre de hierro' para combatir el mal a escala global.",Acción|Ciencia ficción|Aventura,7.665,2008,tmdb,1726,,en
7909285cbf45a118,pelicula,Kraken,"Johanne es una bióloga marina que está investigando en una piscifactoría de Vangsnes, una comunidad rural situada junto al fiordo, cuando se topa con varios sucesos extraños. Junto con las brutales muertes de dos adolescentes de la localidad, todos los indicios apuntan al profundo fiordo. ¿Puede haber más en las profundidades de lo que el ojo puede ver? En el fondo del fiordo más profundo de Noruega descansa un monstruo mítico tan grande como una montaña, con una miríada de brazos dispuestos a aplastar y devorar todo lo que puedan agarrar.",Terror|Acción|Suspense,6.262,2026,tmdb,1110034,,no
835047a0c4dc8ab9,pelicula,Hoppers,"Una amante de los animales aprovecha la oportunidad de utilizar una tecnología que coloca su conciencia en un castor robótico, descubriendo misterios dentro del mundo animal que van más allá de lo que podría haber imaginado.",Aventura|Animación|Comedia|Familia|Ciencia ficción,8.157,2026,tmdb,1327819,,en
79c1b7572da3396b,pelicula,Oppenheimer,Película sobre el físico J. Robert Oppenheimer y su papel como desarrollador de la bomba atómica. Basada en el libro 'American Prometheus: The Triumph and Tragedy of J. Robert Oppenheimer' de Kai Bird y Martin J. Sherwin.,Drama|Historia,8.022,2023,tmdb,872585,,en
4df210cc4ac4c420,pelicula,Spider-Man: Homecoming,"Peter Parker comienza a experimentar su recién descubierta identidad como el superhéroe Spider-Man. Después de la experiencia vivida con los Vengadores, Peter regresa a casa, donde vive con su tía. Bajo la atenta mirada de su mentor Tony Stark, Peter intenta mantener una vida normal como cualquier joven de su edad, pero interrumpe en su rutina diaria el nuevo villano Vulture y, con él, lo más importante de la vida de Peter comenzará a verse amenazado.",Acción|Aventura|Ciencia ficción,7.334,2017,tmdb,315635,,en
732c2853a01765a0,pelicula,Tu corazón se romperá,"Polina, una estudiante de secundaria, encuentra un salvavidas inesperado frente al acoso que sufre en su nuevo instituto. Para frenar el bullying, sella un pacto con Bars, el cabecilla de los abusadores: él fingirá ser su novio y se convertirá en su protector, pero a cambio, ella tendrá que obedecerle en todo lo que él le pida.  Lo que empieza como un juego de supervivencia se complica cuando la química entre los dos se vuelve real. Sin embargo, su historia tiene los días contados: tanto sus familias como sus propios compañeros harán lo imposible por dinamitar una relación que nadie aprueba.",Romance,7.1,2026,tmdb,1523145,,ru
0eaf3dc11e545528,pelicula,The Punisher: One Last Kill,"Mientras Frank Castle busca propósito más allá de la venganza, una fuerza inesperada lo arrastra de nuevo a la lucha.",Acción|Drama|Crimen,8.28,2026,tmdb,1439930,,en
3643fa0e64b4304b,pelicula,Buddy,"Un mágico unicornio naranja que canta retiene a su elenco como rehén en una dimensión surrealista de programa de televisión, mientras se vuelve cada vez más demente.",Terror|Comedia|Fantasía,8.325,2026,tmdb,1514026,,en
70b111e8a249a068,pelicula,Hotel Desire,"Antonia , madre soltera, lleva a su niño de siete años a una parada de autobús en Berlín, desde donde el niño a solas con su padre viajará a París de vacaciones. Debido a su trabajo como camarera en un hotel requiere mucho tiempo, ella se mete en problemas con sus superiores.",Drama|Romance,6.181,2011,tmdb,82023,,de
d33f311a2f7d8389,pelicula,Titanic,"Jack, un joven artista, gana en una partida de cartas un pasaje para viajar a América en el Titanic, el transatlántico más grande y seguro jamás construido. A bordo conoce a Rose, una joven de una buena familia venida a menos que va a contraer un matrimonio de conveniencia con Cal, un millonario engreído a quien sólo interesa el prestigioso apellido de su prometida. Jack y Rose se enamoran, pero el prometido y la madre de ella ponen todo tipo de trabas a su relación. Mientras, el gigantesco y lujoso transatlántico se aproxima hacia un inmenso iceberg.",Drama|Romance,7.9,1997,tmdb,597,,en
0c48dadeb2c1a4a5,pelicula,Jackass: Lo mejor para el final,"Johnny Knoxville, Steve-O y el elenco clásico —junto a los integrantes más jóvenes— se reúnen por última vez en un formato que combina nuevas bromas y acrobacias extremas con escenas inéditas, descartes históricos y material de archivo. Acompañada de comentarios e intervenciones del director Jeff Tremaine, la película funciona como un homenaje caótico, irreverente y nostálgico al legado del grupo y al paso de los años entre sus miembros.",Acción|Comedia|Documental,7.5,2026,tmdb,1612018,,en
b1897b65749e43f4,pelicula,Spider-Man: un nuevo universo,"En un universo paralelo donde Peter Parker ha muerto, un joven de secundaria llamado Miles Morales es el nuevo Spider-Man. Sin embargo, cuando el líder mafioso Wilson Fisk construye el 'Super Colisionador' trae a una versión alternativa de Peter Parker que tratará de enseñar a Miles como ser un mejor Spider-Man. Pero no será el único Spider Man en entrar a este universo:  cuatro versiones alternativas buscan regresar a su universo antes de que toda la realidad se colapse.",Animación|Acción|Aventura|Ciencia ficción,8.399,2018,tmdb,324857,,en
17a9dd4e3442e997,pelicula,Engendro,"En el bosque finlandés, Saga y su esposo Jon se embarcan en un nuevo capítulo como padres. La alegría de Saga se ve ensombrecida por las sospechas sobre su bebé, provocando una ruptura mientras ella se enfrenta a la inquietante verdad.",Terror,6.0,2026,tmdb,964849,,fi
66799fe1bf68c3da,pelicula,Vengadores: Doomsday,Quinta entrega de la saga 'Vengadores' incluida en el Universo Cinematográfico Marvel (UCM). Sinopsis desconocido.,Ciencia ficción|Acción|Aventura,0.0,2026,tmdb,1003596,,en
90009ac6038cceef,pelicula,Motor City,"En el Detroit de los años 70, el romántico de clase trabajadora John Miller es incriminado por un despiadado gángster tras enamorarse de su novia. Tras pasar años en prisión, regresa con una única misión: vengarse.",Acción|Suspense|Crimen,6.22,2026,tmdb,87513,,en
d698e1edd85ec364,pelicula,Jurassic World: El renacer,"Cinco años después de los eventos de ""Dominion"", la ecología del planeta ha demostrado ser insoportable para los dinosaurios, donde los pocos que quedan viven aislados en las regiones ecuatoriales. Zora Bennett es contratada para dirigir a un equipo de especialistas cuyo objetivo es conseguir el material genético de las tres criaturas más grandes, las cuales tienen en su ADN la clave para fabricar un medicamento que aportará grandes beneficios a la humanidad. Pero la operación se cruzará con una familia cuyo barco volcó y todos acabarán en una isla prohibida ocupada por dinosaurios de numerosas especies, donde tendrán que hacer lo imposible para sobrevivir.",Ciencia ficción|Aventura|Acción,6.258,2025,tmdb,1234821,,en
2bdd76f94ee03a9c,pelicula,Mortal Kombat II,"Los campeones favoritos de los fans, ahora acompañados por el propio Johnny Cage, se enfrentan cara a cara en la definitiva y sangrienta batalla a muerte para vencer al oscuro régimen de Shao Kahn, que amenaza la existencia del Reino de la Tierra y a sus defensores.",Acción|Fantasía|Aventura,7.83,2026,tmdb,931285,,en
07897e2b2704bf95,pelicula,Las ovejas detectives,"Cada noche, un pastor lee en voz alta un asesinato misterioso, fingiendo que sus ovejas pueden entenderlo. Cuando lo encuentran muerto, las ovejas se dan cuenta enseguida de que ha sido un asesinato y creen saber cómo resolverlo.",Comedia|Familia|Misterio,7.944,2026,tmdb,1301421,,en
9df12e1ae4b65594,pelicula,Toy Story,"Los juguetes de Andy, un niño de seis años, temen que haya llegado su hora y que un nuevo regalo de cumpleaños les sustituya en el corazón de su dueño. Woody, un vaquero que ha sido hasta ahora el juguete favorito de Andy, trata de tranquilizarlos hasta que aparece Buzz Lightyear, un héroe espacial dotado de todo tipo de avances tecnológicos. Woody es relegado a un segundo plano, pero su constante rivalidad se transformará en una gran amistad cuando ambos se pierden en la ciudad sin saber cómo volver a casa.",Familia|Comedia|Animación|Aventura,7.988,1995,tmdb,862,,en
980be6d9e735c659,pelicula,Elize: Sombras de una mujer,Una antigua escort trata de ignorar las infidelidades de su rico marido. Pero esa traición envenena su matrimonio.,Suspense|Crimen|Drama,7.477,2026,tmdb,1487861,,pt
bb6220a9fee1903e,pelicula,La doble vida de Miriam,"Inspirado en una historia real, cuenta la historia de Miriam Weeks (Haley Pullos, ""General Hospital""), una estudiante de la Universidad de Duke que trabajó como actriz porno con el fin de pagar los gastos de matrícula. Pero cuando un alumno descubre quién es ella y expone su secreto, Miriam se enfrenta a una avalancha de amenazas de muerte y acoso cibernético.",Drama|Película de TV,5.9,2017,tmdb,441168,,en
ee8ab026fc77d7ec,pelicula,Spider-Man 3,"Parece que Parker ha conseguido por fin el equilibrio entre su devoción por Mary Jane y sus deberes como superhéroe. Pero, de repente, su traje se vuelve negro y adquiere nuevos poderes; también él se transforma, mostrando el lado más oscuro y vengativo de su personalidad. Bajo la influencia del nuevo traje, Peter se convierte en un ser egoísta que sólo se preocupa por sí mismo. Tiene, pues, que afrontar un dilema: disfrutar de sus nuevos poderes o seguir siendo un héroe compasivo. Mientras tanto, sobre él se cierne la amenaza de dos temibles enemigos: Venom y el Hombre de Arena.",Acción|Aventura|Ciencia ficción,6.48,2007,tmdb,559,,en
cab4c24fecc4ac2d,pelicula,Leviticus,Dos adolescentes en un pequeño pueblo rural son atormentados por una violenta entidad sobrenatural que adopta la forma de la persona que más desean.,Terror|Romance,6.7,2026,tmdb,1564614,,en
a5502af489878227,pelicula,La invitación,"Una pareja invita a los vecinos a su casa, lo que desencadena una velada llena de giros inesperados, revelando emociones profundamente reprimidas y una sexualidad inexplorada en esta historia que explora las complejidades de las relaciones de hoy en día.",Comedia|Drama|Romance,7.271,2026,tmdb,950028,,en
5373cea620a3faa1,pelicula,Matrix,"Thomas Anderson lleva una doble vida: por el día es programador en una importante empresa de software, y por la noche un hacker informático llamado Neo. Su vida no volverá a ser igual cuando unos misteriosos personajes le inviten a descubrir la respuesta a la pregunta que no le deja dormir: ¿qué es Matrix?",Acción|Ciencia ficción,8.257,1999,tmdb,603,,en
b18ddc033d397dba,pelicula,Dune: Parte dos,"Sigue el viaje mítico de Paul Atreides mientras se une a Chani y los Fremen en una guerra de venganza contra los conspiradores que destruyeron a su familia. Al enfrentarse a una elección entre el amor de su vida y el destino del universo conocido, Paul se esfuerza por evitar un futuro terrible que solo él puede prever.",Ciencia ficción|Aventura,8.135,2024,tmdb,693134,,en
6fd796ca64c69ab7,pelicula,Insidious,"Una familia descubre que espíritus oscuros han invadido su hogar después de que su hijo inexplicablemente cae en un sueño interminable. Cuando piden ayuda a un profesional, descubren que las cosas son mucho más personales de lo que pensaban.",Terror|Suspense,6.954,2011,tmdb,49018,,en
6c4bc7e0ab14e0d7,pelicula,Soulm8te,"Un hombre adquiere un androide con Inteligencia Artificial para hacer frente a la pérdida de su esposa recientemente fallecida. En un intento por crear una pareja verdaderamente sensible, sin darse cuenta convierte a un inofensivo robot del amor en un alma gemela mortal.",Terror|Ciencia ficción|Suspense,7.404,2026,tmdb,1307118,,en
75d76b44b36acd6c,pelicula,Vengadores: La era de Ultrón,"Cuando Tony Stark intenta reactivar un programa caído en desuso cuyo objetivo es mantener la paz, las cosas empiezan a torcerse y los héroes más poderosos de la Tierra, incluyendo a Iron Man, Capitán América, Thor, El Increíble Hulk, Viuda Negra y Ojo de Halcón, tendrán que afrontar la prueba definitiva cuando el destino del planeta se ponga en juego. Cuando el villano Ultron emerge, le corresponderá a Los Vengadores detener sus terribles planes, que junto a incómodas alianzas llevarán a una inesperada acción que allanará el camino para una épica y única aventura.",Acción|Aventura|Ciencia ficción,7.277,2015,tmdb,99861,,en
435f9ec988c303db,pelicula,The Batman,"Cuando un asesino se dirige a la élite de Gotham con una serie de maquinaciones sádicas, un rastro de pistas crípticas envía Batman a una investigación en los bajos fondos. A medida que las pruebas comienzan a acercarse a su casa y se hace evidente la magnitud de los planes del autor, Batman debe forjar nuevas relaciones, desenmascarar al culpable y hacer justicia al abuso de poder y la corrupción que durante mucho tiempo han asolado Gotham City.",Crimen|Misterio|Suspense,7.669,2022,tmdb,414906,,en
8912875e6b005075,pelicula,Harry Potter y la cámara secreta,"Harry regresa a su segundo año a Hogwarts, pero descubre que cosas malas ocurren debido a que un sitio llamado la Cámara de los Secretos ha sido abierto por el heredero de Slytherin y hará que los hijos de muggles, los impuros, aparezcan petrificados misteriosamente por un animal monstruoso.",Aventura|Fantasía,7.707,2002,tmdb,672,,en
21c80e95e6ee5b3e,pelicula,Hellcat,"Lena despierta en una caravana en movimiento con una herida terrible. El conductor le advierte que tienen una hora para ir al médico o sucumbirá a un destino inimaginablemente terrible. A medida que el dolor se instala y la realidad se desmorona, ¿quién debería tener miedo? Dakota Gorman (Desastres Naturales) ofrece una actuación deslumbrante en esta película de terror tensa y alucinante donde la supervivencia es un arma de doble filo.",Suspense|Terror,6.059,2025,tmdb,1479495,,en
b6eff6b47a011b3e,pelicula,Avatar,"Año 2154. Jake Sully, un exmarine en silla de ruedas, es enviado al planeta Pandora, donde se ha creado el programa Avatar, gracias al cual los seres humanos pueden controlar de forma remota un cuerpo biológico con apariencia y genética de la especie nativa. Pronto se encontrará con la encrucijada entre seguir las órdenes de sus superiores o defender al mundo que le ha acogido y siente como suyo.",Ciencia ficción|Acción|Aventura,7.609,2009,tmdb,19995,,en
862d82406897bd8e,pelicula,Top Gun: Maverick,"Después de más de 30 años de servicio como uno de los mejores aviadores de la Armada, Pete ""Maverick"" Mitchell se encuentra dónde siempre quiso estar, empujando los límites como un valiente piloto de prueba y esquivando el alcance en su rango, que no le dejaría volar emplazándolo en tierra. Cuando se encuentra entrenando a un destacamento de graduados de Top Gun para una misión especializada, Maverick se encuentra allí con el teniente Bradley Bradshaw, el hijo de su difunto amigo ""Goose"".",Acción|Drama,8.159,2022,tmdb,361743,,en
70b7c759dc51348c,pelicula,Resident Evil,"Película basada en la saga de videojuegos de Capcom del mismo nombre. En una reinvención totalmente nueva, el mensajero médico Bryan se ve inmerso en una carrera de acción sin descanso por la supervivencia, mientras el caos se desata a su alrededor.",Terror|Ciencia ficción,0.0,2026,tmdb,1423191,,en
e11e4bfe2105aac5,pelicula,Joker,"Arthur Fleck es un hombre ignorado por la sociedad, cuya motivación en la vida es hacer reír. Pero una serie de trágicos acontecimientos le llevarán a ver el mundo de otra forma. Película basada en Joker, el popular personaje de DC Comics y archivillano de Batman, pero que en este film toma un cariz más realista y oscuro.",Crimen|Suspense|Drama,8.116,2019,tmdb,475557,,en
e2601290fba14fbe,pelicula,En la zona gris,"Un equipo encubierto de agentes de élite viven en la sombra, tan cómodos manejando el poder y la influencia como armas automáticas y explosivos de gran potencia. Cuando un déspota roba una fortuna de mil millones de dólares, son enviados a recuperarla en lo que para cualquier otro sería una misión suicida. Lo que comienza como un atraco imposible empeora aún más y se convierte en una guerra total de estrategia, engaño y supervivencia.",Acción|Suspense,7.587,2026,tmdb,1122573,,en
81b9b686df41a3d3,pelicula,La milla verde,"En el sur de los Estados Unidos, en plena Depresión, Paul Edgecomb es un vigilante penitenciario a cargo de la Milla Verde, un pasillo que separa las celdas de los reclusos condenados a la silla eléctrica. Esperando su ejecución está John Coffey, un gigantesco negro acusado de asesinar brutalmente a dos hermanas de nueve años. Tras una personalidad ingenua, Coffey esconde un don sobrenatural prodigioso. A medida que transcurre la historia, Paul Edgecomb aprende que los milagros ocurren... incluso en los lugares más insospechados.",Fantasía|Drama|Crimen,8.506,1999,tmdb,497,,en
16c2010f67842320,pelicula,El señor de los anillos: La comunidad del anillo,"En la Tierra Media, el Señor Oscuro Saurón creó los Grandes Anillos de Poder, forjados por los herreros Elfos. Tres para los reyes Elfos, siete para los Señores Enanos, y nueve para los Hombres Mortales. Secretamente, Saurón también forjó un anillo maestro, el Anillo Único, que contiene en sí el poder para esclavizar a toda la Tierra Media. Con la ayuda de un grupo de amigos y de valientes aliados, Frodo emprende un peligroso viaje con la misión de destruir el Anillo Único. Pero el Señor Oscuro Sauron, quien creara el Anillo, envía a sus servidores para perseguir al grupo. Si Sauron lograra recuperar el Anillo, sería el final de la Tierra Media.",Aventura|Fantasía|Acción,8.445,2001,tmdb,120,,en
1c216f3c70b39781,pelicula,Intercambiados,"Una pequeña criatura del bosque intercambia el cuerpo con un majestuoso pájaro del valle, lo que los obliga a colaborar para sobrevivir a la aventura más salvaje de sus vidas.",Aventura|Animación|Familia|Fantasía,8.871,2026,tmdb,1007757,,en
6a7a5ab70077e4fc,pelicula,Robot salvaje,"Esta aventura épica cuenta la historia de una robot, Rozzum 7-1-3-4, ""Roz"" para abreviar, que naufraga en una isla inhabitada y debe aprender a adaptarse a los entornos rigurosos construyendo relaciones con los animales de la isla y convirtiéndose en la madre adoptiva de una cría de ganso huérfana.",Familia|Animación|Ciencia ficción|Aventura,8.3,2024,tmdb,1184918,,en
ca1bee0c2e5f0be0,pelicula,The Amazing Spider-Man,"Como la mayoría de los adolescentes de su edad, Peter está intentando descubrir quién es y cómo ha llegado a ser lo que es. En su viaje para atar los cabos de su pasado descubre un secreto que guardaba su padre, un secreto que finalmente dará forma a su destino como Spiderman.",Acción|Aventura|Ciencia ficción,6.76,2012,tmdb,1930,,en
e21604b673a78cb2,pelicula,Prácticamente magia,Dos hermanas huérfanas son criadas por sus tías de una forma atípica: sin reglas ni obligaciones y con muchos libros de hechizos a su alrededor. Ambas saben que tienen poderes extraordinarios pero eso tiene un precio: todos los hombres que se enamoren de ellas están destinados a morir prematuramente.,Romance|Fantasía|Comedia,6.8,1998,tmdb,6435,,en
90581970aba19c1c,pelicula,Pulp Fiction,"Jules y Vincent, dos asesinos a sueldo con muy pocas luces, trabajan para Marsellus Wallace. Vincent le confiesa a Jules que Marsellus le ha pedido que cuide de Mia, su mujer. Jules le recomienda prudencia porque es muy peligroso sobrepasarse con la novia del jefe. Cuando llega la hora de trabajar, ambos deben ponerse manos a la obra. Su misión: recuperar un misterioso maletín.",Suspense|Crimen|Comedia,8.481,1994,tmdb,680,,en
ce5ddeb59a2aef1e,pelicula,Superman,"En un mundo que ha perdido la fe en la bondad, Superman lucha por reconciliar su herencia kryptoniana con los valores humanos que moldearon su carácter. Criado en la Tierra, representa la verdad, la justicia y el estilo americano, pero debe enfrentarse a un mundo cínico que cuestiona sus ideales. Entre el deber de proteger a la humanidad y la búsqueda de su identidad, Superman demuestra que la esperanza y la bondad nunca pasan de moda, incluso en los tiempos más oscuros, inspirando a otros a creer en un futuro mejor.",Ciencia ficción|Aventura|Acción,7.3,2025,tmdb,1061474,,en
626cf334e4e1cd46,pelicula,Lilo y Stitch,La conmovedora y divertidísima historia de una solitaria niña hawaiana y el extraterrestre fugitivo que la ayuda a reparar su desestructurada familia.,Familia|Ciencia ficción|Comedia,7.183,2025,tmdb,552524,,en
c053f72dffc9c404,pelicula,Guardianes de la Galaxia: Volumen 3,"La querida banda de los Guardianes se instala en Knowhere. Pero sus vidas no tardan en verse alteradas por los ecos del turbulento pasado de Rocket. Peter Quill, aún conmocionado por la pérdida de Gamora, debe reunir a su equipo en una peligrosa misión para salvar la vida de Rocket, una misión que, si no se completa con éxito, podría muy posiblemente conducir al final de los Guardianes tal y como los conocemos.",Ciencia ficción|Aventura|Acción,7.932,2023,tmdb,447365,,en
fe3aa571b6a10720,pelicula,Deseo,"Una abogada casada tiene una aventura con el entrenador de natación de su hija, y su tórrido romance acaba en un juego retorcido en el que todos pierden el control.",Misterio|Drama,6.748,2026,tmdb,1668364,,es
9a1779c0dab6da54,pelicula,Capitán América: Civil War,"Steve Rogers lidera un nuevo equipo de Vengadores en su esfuerzo por proteger a la humanidad. Tras otro incidente internacional relacionado con los Vengadores que ocasiona daños colaterales, la presión política fuerza a crear un sistema de registro y un cuerpo gubernamental para determinar cuándo se requiere los servicios del equipo. El nuevo status quo divide a los Vengadores mientras intentan salvar al mundo de un nuevo y perverso villano.",Aventura|Acción|Ciencia ficción,7.454,2016,tmdb,271110,,en
66bbf3d0ca5cc804,pelicula,Una batalla tras otra,"Un ex revolucionario, tras años apartado de la lucha, se ve obligado a volver a la acción para enfrentar a viejos enemigos en un ambiente cargado de tensión política, racismo y violencia militar... Adaptación modernizada de la novela 'Vineland', de Thomas Pynchon (1990), sobre los movimientos radicales de los años sesenta.",Suspense|Crimen|Comedia,7.333,2025,tmdb,1054867,,en
b84f1372589ee507,pelicula,Coco,"Un joven aspirante a músico llamado Miguel se embarca en un viaje extraordinario a la mágica tierra de sus ancestros. Allí, el encantador embaucador Héctor se convierte en su inesperado amigo y le ayuda a descubrir los misterios detrás de las historias y tradiciones de su familia.",Familia|Animación|Música|Aventura,8.197,2017,tmdb,354912,,en
a48b1f3236805f0b,pelicula,Harry Potter y las Reliquias de la Muerte - Parte 1,"Una tarea casi imposible cae sobre los hombros de Harry: deberá encontrar y destruir los horrocruxes restantes para dar fin al reinado de Lord Voldemort. En el episodio final de la saga, el hechicero de 17 años parte junto con sus amigos Hermione Granger y Ron Weasley en un peligroso viaje por Inglaterra para encontrar los objetos que contienen los fragmentos del alma del Señor Tenebroso, los cuales garantizan su longevidad. Pero el camino no será fácil pues el lado oscuro adquiere más poder con cada minuto que pasa y las lealtades serán puestas a prueba. Harry deberá usar todos los conocimientos que gracias a Dumbledore ha adquirido sobre su enemigo para poder encontrar la forma de sobrevivir a esta última aventura.",Aventura|Fantasía,7.732,2010,tmdb,12444,,en
a829a81f1f342b31,pelicula,"Monstruos, S.A.","Monsters Inc. es la mayor empresa de miedo del mundo, y James P. Sullivan es uno de sus mejores empleados. Asustar a los niños no es un trabajo fácil, ya que todos creen que los niños son tóxicos y no pueden tener contacto con ellos. Pero un día una niña se cuela sin querer en la empresa, provocando el caos.",Animación|Comedia|Familia|Fantasía,7.856,2001,tmdb,585,,en
d12baa2e6a113259,pelicula,Máquina de guerra,"En una última misión agotadora durante el entrenamiento para ser ranger, un ingeniero de combate debe liderar a su unidad contra una gigantesca máquina asesina de otro mundo.",Acción|Ciencia ficción|Suspense,7.469,2026,tmdb,1265609,,en
74808ca3a35f3695,pelicula,La asistenta,"Una joven (Sydney Sweeney), con un pasado complicado comienza a trabajar como asistenta en la lujosa casa de los Winchester. A medida que se adentra en la vida de la familia, descubrirá secretos oscuros que pondrán en peligro su seguridad, pero quizá ya sea demasiado tarde... Adaptación de la novela de Freida McFadden.",Misterio|Suspense,7.258,2025,tmdb,1368166,,en
499ac2faa4936ac7,pelicula,GOAT: Como cabras,"Will es una pequeña cabra con grandes sueños que recibe una oportunidad única en la vida para unirse a los profesionales y jugar al rugebol, un deporte de alta intensidad, mixto y de contacto total dominado por los animales más rápidos y feroces del mundo. A los nuevos compañeros de equipo de Will no les entusiasma tener a una cabrita en su plantilla, pero Will está decidido a revolucionar el deporte y demostrar de una vez por todas que «¡los pequeños saben jugar!».",Animación|Comedia|Familia,8.1,2026,tmdb,1297842,,en
c0311525a33b65b9,pelicula,Los mundos de Coraline,"Película de animación en la que se nos cuenta la historia de Coraline, una jovencita que descubre en su nueva casa una puerta secreta y decide abrirla. Al hacerlo, descubre una segunda versión de su vida, una vida paralela a la que ella tiene. A primera vista, la realidad paralela es curiosamente parecida a su vida de verdad, aunque mucho mejor. Pero cuando su increíble y maravillosa aventura empieza a tomar un cariz peligroso, su otra madre intenta mantenerla a su lado para siempre. Coraline deberá recurrir a su determinación y coraje, a la ayuda de los vecinos y a un gato negro con el don del habla para salvar a sus auténticos padres, a unos niños fantasmas y regresar a casa.",Animación|Familia|Fantasía,7.936,2009,tmdb,14836,,en
e09b1c9077842d8e,pelicula,Thunderbolts*,"Un grupo de supervillanos poco convencional es reclutado para hacer misiones para el gobierno: Yelena Belova, Bucky Barnes, Red Guardian, Ghost, Taskmaster y John Walker. Después de verse atrapados en una trampa mortal urdida por Valentina Allegra de Fontaine, estos marginados deben embarcarse en una peligrosa misión que les obligará a enfrentarse a los recovecos más oscuros de su pasado.",Acción|Ciencia ficción|Aventura,7.299,2025,tmdb,986056,,en
9cba91542802496c,pelicula,El rey león,"La sabana africana es el escenario en el que tienen lugar las aventuras de Simba, un pequeño león que es el heredero del trono. Sin embargo, se ve forzado a exiliarse al ser injustamente acusado de la muerte de su padre. Durante su destierro, hará buenas amistades y, finalmente, regresará para recuperar lo que legítimamente le corresponde.",Animación|Familia|Drama,8.251,1994,tmdb,8587,,en
83aa9a356d38ba64,pelicula,Graphic Desires,"Cuando el recluso Franklin engaña a su chica con una misteriosa mujer que conoce en una aplicación de citas, se convierte en el inicio de una obsesión mortal.",Suspense|Crimen,6.9,2023,tmdb,976912,,en
1a17fbbb64e2777c,pelicula,La Boca del Diablo,"La aventura de un grupo de amigos universitarios en Tailandia se vuelve mortal cuando quedan atrapados en unas cuevas sumergidas con un peligroso depredador. A medida que el oxígeno se agota, los conflictos del pasado emergen en su desesperada lucha por la supervivencia.",Terror|Suspense,6.535,2026,tmdb,1481343,,en
ced8c3e98c0cba82,pelicula,Seven,"El teniente Somerset, del departamento de homicidios, está a punto de jubilarse y ser reemplazado por el ambicioso y brillante detective David Mills. Ambos tendrán que colaborar en la resolución de una serie de asesinatos cometidos por un psicópata que toma como base la relación de los siete pecados capitales: gula, pereza, soberbia, avaricia, envidia, lujuria e ira. Los cuerpos de las víctimas, sobre los que el asesino se ensaña de manera impúdica, se convertirán para los policías en un enigma que les obligará a viajar al horror y la barbarie más absoluta.",Crimen|Misterio|Suspense,8.38,1995,tmdb,807,,en
4db79fc50f6f619c,pelicula,Forrest Gump,"Forrest Gump es un chico con deficiencias mentales no muy profundas y con alguna incapacidad motora que, a pesar de todo, llegará a convertirse, entre otras cosas, en un héroe durante la Guerra del Vietnam. Su persistencia y bondad le llevarán a conseguir una gran fortuna, ser objeto del clamor popular y a codearse con las más altas esferas sociales y políticas del país. Siempre sin olvidar a Jenny, su gran amor desde que era niño.",Comedia|Drama|Romance,8.463,1994,tmdb,13,,en
b26ac933497b6f5e,pelicula,Venom: El último baile,"Eddie y Venom están a la fuga. Perseguidos por sus sendos mundos y cada vez más cercados, el dúo se ve abocado a tomar una decisión devastadora que hará que caiga el telón sobre el último baile de Venom y Eddie.",Ciencia ficción|Acción|Aventura,6.674,2024,tmdb,912649,,en
cb95c6c51c3273fa,pelicula,Spider-Man: Lejos de casa,"Peter Parker decide irse junto a MJ, Ned y el resto de sus amigos a pasar unas vacaciones a Europa. Sin embargo, el plan de Parker por dejar de lado sus superpoderes durante unas semanas se ven truncados cuando Nick Fury contacta con él para solicitarle ayuda para frenar el ataque de unas criaturas elementales que están causando el caos en el continente. En ese momento, Parker vuelve a ponerse el traje de Spider-Man para cumplir con su labor.",Acción|Aventura|Ciencia ficción,7.394,2019,tmdb,429617,,en
c7377a3a860446eb,pelicula,Terminator 2: El juicio final,"Ha pasado once años desde que Sarah Connor fue marcada como objetivo para ser eliminada por un cyborg del futuro. Ahora su hijo John, el futuro líder de la resistencia, es el objetivo de un Terminator más moderno, más mortífero. Una vez más, la resistencia se las ha ingeniado para enviar un protector de vuelta al pasado para intentar salvar a John y a su madre Sarah.",Acción|Suspense|Ciencia ficción,8.168,1991,tmdb,280,,en
70c05751d0cedb67,pelicula,Parásitos,"Tanto Gi Taek (Song Kang-ho) como su familia están sin trabajo. Cuando su hijo mayor, Gi Woo (Choi Woo-sik), empieza a dar clases particulares en casa de Park (Lee Seon-gyun), las dos familias, que tienen mucho en común pese a pertenecer a dos mundos totalmente distintos, comienzan una interrelación de resultados imprevisibles.",Comedia|Suspense|Drama,8.49,2019,tmdb,496243,,ko
8387a0d05bba01d2,pelicula,Terminator,"Un cyborg ha sido enviado desde el futuro en una misión mortal: eliminar a Sarah Connor, una joven cuya vida tendrá una gran importancia en los próximos años. Sarah tiene sólo un protector —Kyle Reese— también enviado desde el futuro. El Terminator utiliza su inteligencia excepcional y fuerza para encontrar a Sarah, pero ¿hay alguna forma de detener al cyborg aparentemente indestructible?",Acción|Suspense|Ciencia ficción,7.691,1984,tmdb,218,,en
6f19d99d7d169776,pelicula,Expediente Warren,"Basada en una historia real documentada por los reputados demonólogos Ed y Lorraine Warren. Narra los encuentros sobrenaturales que vivió la familia Perron en su casa de Rhode Island a principios de los 70. El matrimonio Warren, investigadores de renombre en el mundo de los fenómenos paranormales, acudieron a la llamada de esta familia aterrorizada por la presencia en su granja de un ser maligno.",Terror|Suspense,7.543,2013,tmdb,138843,,en
d06991c91fa50f21,pelicula,Zootrópolis,"La moderna metrópoli mamífera de Zootrópolis es una ciudad absolutamente única. Está compuesta de barrios con diferentes hábitats como la lujosa Plaza Sahara, el Distrito Selva Tropical y el gélido Distrito Tundra. Es un crisol donde los animales de cada entorno conviven, un lugar donde no importa lo que seas. De hecho puedes ser cualquier cosa, desde un elefante enorme hasta la musaraña más diminuta. Pero cuando llega la optimista agente Judy Hopps, descubre que ser la primera conejita de un cuerpo policial compuesto de animales duros y enormes no es nada fácil. Pero está decidida a demostrar su valía y se mete de cabeza en un caso, a pesar de que eso significa trabajar con Nick Wilde, un zorro parlanchín y estafador, para resolver el misterio.",Animación|Aventura|Familia|Comedia,7.765,2016,tmdb,269149,,en
cb9217f9d6896252,pelicula,Piratas del Caribe: La maldición de la Perla Negra,"El aventurero capitán Jack Sparrow recorre las aguas caribeñas. Pero su andanzas terminan cuando su enemigo, el capitán Barbossa le roba su barco, la Perla Negra, y ataca la ciudad de Port Royal, secuestrando a Elizabeth Swann, hija del gobernador. Will Turner, el amigo de la infancia de Elizabeth, se une a Jack para rescatarla y recuperar la Perla Negra. Pero el prometido de Elizabeth, comodoro Norrington, les persigue a bordo del HMS Impávido. Además, Barbossa y su tripulación son víctimas de un conjuro por el que están condenados a vivir eternamente, y a transformarse cada noche en esqueletos vivientes, en fantasmas guerreros.",Aventura|Fantasía|Acción,7.834,2003,tmdb,22,,en
c907740a53d18e46,pelicula,Ruta de escape,"Davis es un escurridizo ladrón cuyos atracos de alto riesgo tienen desconcertada a la policía. Davis está planeando su mayor golpe, con la esperanza de que sea el último, cuando se cruza en su camino Sharon, una desilusionada ejecutiva de seguros con la que se ve obligado a trabajar, y Orman un ladrón rival, con métodos mucho más inquietantes que los de Davis. A medida que se acerca el golpe multimillonario, el implacable teniente Lubesnik, se acerca a la operación, aumentando considerablemente el riesgo de lo que está en juego y difuminando la línea entre cazador y presa. Pronto, cada uno tendrá que aceptar el coste de sus decisiones asumiendo que no hay vuelta atrás.",Crimen|Suspense,7.0,2026,tmdb,1171145,,en
131d214ebc3f1b20,pelicula,Iron Man 2,"El mundo sabe que el multimillonario Tony Stark es Iron Man, el superhéroe enmascarado. Sometido a presiones por parte del gobierno, la prensa y la opinión pública para que comparta su tecnología con el ejército, Tony es reacio a desvelar los secretos de la armadura de Iron Man porque teme que esa información pueda caer en manos indeseables.",Aventura|Acción|Ciencia ficción,6.855,2010,tmdb,10138,,en
d5190a8816a9abc2,pelicula,WALL·E: Batallón de limpieza,"En el año 2800, en un planeta Tierra devastado y sin vida, tras cientos de solitarios años haciendo aquello para lo que fue construido -limpiar el planeta de basura- el pequeño robot WALL•E descubre una nueva misión en su vida cuando se encuentra con una moderna y lustrosa robot exploradora llamada EVE. Ambos viajarán a lo largo de la galaxia y vivirán una emocionante e inolvidable aventura.",Animación|Familia|Ciencia ficción,8.122,2008,tmdb,10681,,en
5cccb04a1adcc5cd,pelicula,Los pecadores,"Tratando de dejar atrás sus problemáticas vidas, dos hermanos gemelos regresan a su pueblo natal para empezar de nuevo, solo para descubrir que un mal aún mayor les espera para darles la bienvenida.",Terror|Acción|Suspense,7.513,2025,tmdb,1233413,,en
1d7ab53f1c95120e,pelicula,Citizen Vigilante,"Un hombre decide impartir justicia por su cuenta. Su cruzada lo convierte en un fenómeno de las redes sociales, pero también lo enfrenta al jefe de policía de la ciudad.",Suspense|Acción|Crimen,6.479,2026,tmdb,1413976,,en
958d76ce32c73b25,pelicula,F1 la película,"El mítico piloto Sonny Hayes vuelve de su retiro, persuadido para liderar un equipo de Fórmula 1 en apuros y guiar a su joven promesa, en busca de una nueva oportunidad de éxito.",Acción|Drama,7.824,2025,tmdb,911430,,en
55756a52ebc97b1b,pelicula,Misión: Imposible - Sentencia final,El agente Ethan Hunt continúa su misión de impedir que Gabriel controle el tecnológicamente omnipotente programa de IA conocido como La Entidad.,Acción|Suspense|Aventura,7.181,2025,tmdb,575265,,en
ffda34ffec1a69e1,pelicula,El viaje de Chihiro,"Durante el traslado de su familia a los suburbios, una niña de 10 años de edad deambula por un mundo gobernado por dioses, brujas y espíritus, y donde los humanos se convierten en bestias.",Animación|Familia|Fantasía,8.535,2001,tmdb,129,,ja
ac82a51bf5481438,pelicula,El señor de los anillos: Las dos torres,"La Compañía del Anillo se ha disuelto. El portador del anillo Frodo y su fiel amigo Sam se dirigen hacia Mordor para destruir el Anillo Único y acabar con el poder de Sauron. Mientras, y tras la dura batalla contra los orcos donde cayó Boromir, el hombre Aragorn, el elfo Legolas y el enano Gimli intentan rescatar a los medianos Merry y Pipin, secuestrados por los ogros de Mordor. Por su parte, Saurón y el traidor Sarumán continúan con sus planes en Mordor, en espera de la guerra contra las razas libres de la Tierra Media.",Aventura|Fantasía|Acción,8.428,2002,tmdb,121,,en
00dc0e9e760ee171,pelicula,Insidious: Capítulo 3,Elise Rainier (Lin Shaye) acepta a regañadientes utilizar su capacidad de contactar con los muertos a fin de ayudar a una adolescente (Stefanie Scott) que se ha convertido en el blanco de una peligrosa entidad sobrenatural.,Terror|Suspense,6.297,2015,tmdb,280092,,en
cda7c910f316a6c8,pelicula,La lista de Schindler,"Oskar Schindler, un hombre de enorme astucia y talento para las relaciones públicas, organiza un ambicioso plan para ganarse la simpatía de los nazis. Después de la invasión de Polonia por los alemanes, consigue, gracias a sus relaciones con los nazis, la propiedad de una fábrica de Cracovia. Allí emplea a cientos de operarios judíos, cuya explotación le hace prosperar rápidamente. Su gerente, también judío, es el verdadero director en la sombra, pues Schindler no tiene el menor conocimiento industrial.",Drama|Historia|Bélica,8.57,1993,tmdb,424,,en
83d627144b4f0c9a,pelicula,Toy Story 3,"Sabiendo que su dueño Andy, que ya no es un niño, se prepara para ir a la universidad, el vaquero Woody, el astronauta Buzz y el resto de sus amigos juguetes comienzan a preocuparse ante su incierto futuro. Efectivamente todos acaban en una guardería, donde por ejemplo la muñeca Barbie conocerá al guapo Ken. Esta reunión de nuestros amigos con otros nuevos juguetes no será sino el inicio de un montón de trepidantes y divertidas aventuras.",Animación|Familia|Comedia,7.815,2010,tmdb,10193,,en
eb01e6628311525b,pelicula,Big Hero 6,"En la metrópolis de San Fransokio (cruce de San Francisco y Tokio), vive Hiro Hamada, quien aprende a sacar provecho de su capacidad gracias a su brillante hermano Tadashi y sus también brillantes amigos: la buscadora de adrenalina GoGo Tamago, el meticuloso de la limpieza Wasabi-No-Ginger, la genio de la química Honey Lemon y el fanático de los cómics Fred. Cuando tras un devastador giro de los acontecimientos, se ven envueltos en una peligrosa conspiración que tiene lugar en las calles de San Fransokio, Hiro recurre a su amigo más íntimo: un robot llamado Baymax, y transforma al grupo en una banda de héroes de última tecnología decididos a resolver el misterio.",Aventura|Familia|Animación|Acción|Comedia,7.725,2014,tmdb,177572,,en
4e7354e939a12881,pelicula,Hasta el último hombre,"La historia de Desmond T. Doss, quien, debido a que se lo prohibía su fe, combatió en la Segunda Guerra Mundial sin portar un arma. No disparó ni una bala, pero salvó a 75 personas de la muerte en la batalla de la isla de Okinawa.",Drama|Historia|Bélica,8.194,2016,tmdb,324786,,en
b892215627d5ee72,pelicula,Whiplash,"El objetivo de Andrew Neiman, un joven y ambicioso baterista de jazz, es triunfar en el elitista Conservatorio de Música de la Costa Este en el que estudia. Marcado por el fracaso de la carrera literaria de su padre, Andrew alberga sueños de grandeza. Terence Fletcher, un profesor conocido tanto por su talento como por sus rigurosos métodos de enseñanza, dirige el mejor conjunto de jazz del Conservatorio. Cuando Fletcher elige a Andrew y para formar parte del conjunto musical que dirige, cambia para siempre la vida del joven. La pasión de Andrew por alcanzar la perfección se convierte en obsesión, al tiempo que su despiadado profesor lo lleva al límite de su capacidad y de su salud mental.",Drama|Música|Suspense,8.375,2014,tmdb,244786,,en
e0bee2a7bb4f8814,pelicula,Culpa mía,"Noah debe dejar su ciudad, novio y amigos para mudarse a la mansión de William Leister, el flamante y rico marido de su madre Rafaela. Por otro lado, con 17 años, orgullosa e independiente, Noah se resiste a vivir en una mansión rodeada de lujo. Allí conoce a Nick, su nuevo hermanastro, y el choque de sus fuertes personalidades se hace evidente desde el primer momento.",Drama|Romance|Suspense,7.728,2023,tmdb,1010581,,es
b7f3386d2f1c9adc,pelicula,The Amazing Spider-Man 2: El poder de Electro,"Peter Parker lleva una vida muy ocupada, compaginando su tiempo entre su papel como Spider-Man, acabando con los malos, y en el instituto con la persona a la que quiere, Gwen. Peter no ve el momento de graduarse. No ha olvidado la promesa que le hizo al padre de Gwen de protegerla, manteniéndose lejos de ella, pero es una promesa que simplemente no puede cumplir. Las cosas cambiarán para Peter cuando aparece un nuevo villano, Electro, y un viejo amigo, Harry Osborn, regresa, al tiempo que descubre nuevas pistas sobre su pasado.",Acción|Aventura|Ciencia ficción,6.56,2014,tmdb,102382,,en
ec53928a3d87093b,pelicula,Weapons,"Cuando todos los alumnos de una misma clase, salvo uno, desaparecen misteriosamente la misma noche y exactamente a la misma hora, la pequeña ciudad donde viven se pregunta quién o qué está detrás de su desaparición.",Terror|Misterio,7.254,2025,tmdb,1078605,,en
cc3bf01d0c759f8e,pelicula,Gladiator,"En el año 180, el Imperio Romano domina todo el mundo conocido. Tras una gran victoria sobre los bárbaros del norte, el anciano emperador Marco Aurelio decide transferir el poder a Máximo, bravo general de sus ejércitos y hombre de inquebrantable lealtad al imperio. Pero su hijo Cómodo, que aspiraba al trono, no lo acepta y trata de asesinar a Máximo.",Acción|Drama|Aventura,8.231,2000,tmdb,98,,en
9796cfcc3d8194eb,pelicula,La momia de Lee Cronin,"Nueva versión del clásico 'La momia'. La joven hija de un periodista desaparece en el desierto sin dejar rastro. Ocho años más tarde, la familia rota se conmociona cuando ella es devuelta a ellos, y lo que debiera haber sido una reunión jubilosa se convierte en una auténtica pesadilla.",Terror|Misterio,7.883,2026,tmdb,1304313,,en
3996d33576d377b2,pelicula,Piratas del Caribe: El cofre del hombre muerto,"Will Turner y Elizabeth Swann se van a casar, pero ambos son hechos prisioneros por Lord Cutler Beckett y acusados de haber liberado al capitán Jack Sparrow. Para salvar su vida, Will tendrá que encontrar a Jack y conseguir su misteriosa brújula. Esta esconde un gran poder, además de la clave de una deuda de sangre del pirata con un temible y siniestro Davy Jones, el legendario capitán del barco fantasma Holandés Errante.",Aventura|Fantasía|Acción,7.391,2006,tmdb,58,,en
b6094e76d70dacd6,pelicula,Alien: El octavo pasajero,"De regreso a la Tierra, la nave de carga Nostromo interrumpe su viaje y despierta a sus siete tripulantes. El ordenador central, MADRE, ha detectado la misteriosa transmisión de una forma de vida desconocida, procedente de un planeta cercano aparentemente deshabitado. La nave se dirige entonces al extraño planeta para investigar el origen de la comunicación.",Terror|Ciencia ficción,8.173,1979,tmdb,348,,en
051b7e357b8d8418,pelicula,La guerra de las galaxias,"La princesa Leia, líder del movimiento rebelde que desea reinstaurar la República en la galaxia en los tiempos ominosos del Imperio, es capturada por las malévolas Fuerzas Imperiales, capitaneadas por el implacable Darth Vader, el sirviente más fiel del emperador. El intrépido Luke Skywalker, ayudado por Han Solo, capitán de la nave espacial ""El Halcón Milenario"", y los androides, R2D2 y C3PO, serán los encargados de luchar contra el enemigo y rescatar a la princesa para volver a instaurar la justicia en el seno de la Galaxia.",Aventura|Acción|Ciencia ficción,8.208,1977,tmdb,11,,en
94217c48ce5c2ff9,pelicula,Ahora me ves 3,"Los Cuatro Jinetes regresan junto a una nueva generación de ilusionistas en una extraordinaria aventura que contiene giros asombrosos, sorpresas alucinantes y trucos de magia nunca vistos en la gran pantalla.",Crimen|Suspense,6.466,2025,tmdb,425274,,en
75aaf3a71ae8f216,libro,Al faro,"Movida por la inquietud de explorar el análisis de la conciencia en busca de una realidad más auténtica y esencial, Virginia Woolf (1882-1941) encontró en la amalgama de sentimientos, pensamientos y emociones que es la subjetividad el material idóneo para alumbrar una de las obras que sin duda más han contribuido a forjar la sensibilidad contemporánea. Basada en los recuerdos infantiles de los veranos que la autora pasó en la costa de Cornualles y centrada en la figura de una mujer, la señora Ramsay, ""Al faro"" (1927) gira en torno al tema de la inexorabilidad del paso del tiempo y a la contraposición entre el orden y el caos. Traducción de José Luis López Muñoz",fiction,,2017,google_books,vp4uDwAAQBAJ,Virginia Woolf,es
ba347026366dfba8,libro,Jane Eyre,"Mistério, traição, escândalo e um amor que transcende o tempo. Desde o momento em que Jane Eyre colocou os olhos no proprietário de Thornfield Hall, soube que sua vida mudaria irrevogavelmente. O homem enigmático, complexo e tentador exige tudo o que Jane tem a oferecer ao convidá-la para uma jornada dos sentidos que escandalizaria a sociedade. Em seus braços fortes, ela se rende aos desejos mais sombrios do homem amado e descobre que os dela são igualmente abrasadores, mergulhando-a em um mundo que nunca suspeitou existir, mas do qual não quer mais escapar.",fiction,,2021,google_books,b74fEAAAQBAJ,Charlotte Bronte,pt-BR
c24fa2699a999b87,libro,Generations of Winter,"""Written in the great tradition of epic Russian fiction, Generations of Winter is a magnificent saga that captures one of the most fascinating chapters in modern history - the Soviet Union in the years 1925 to 1945. Breathtaking in its scope, masterful in its command of historical events and its understanding of timeless human truths, the novel has been likened to a twentieth-century War and Peace, and it marks a bold and brilliant departure for celebrated Russian author Vassily Aksyonov."" ""At the center of this vast panoramic work is the genteel Gradov family. Patriarch Boris is an esteemed surgeon, his wife, Mary, a pianist, has two great passions - her family and the music of Chopin. Their elder son, Nikita, is a dashing officer in the Red Army, their younger son, Kirill, is a philosopher and devout Marxist, and their daughter, Nina, is a free-spirited poet with a dangerous tendency to speak her mind. Propelled by their loves, ambitions, and beliefs, the Gradovs cross paths with such historical figures as Joseph Stalin and head of the secret police Lavrenty Beria, who are brought unforgettably to life in these pages. As Stalin's power grows in the 1930s, the Soviet Union is plunged into a period of unprecedented intrigue, paranoia, and oppression, and the Gradovs suffer their share of tragedy. When the nation is caught up in the tidal wave of the Second World War, we follow the family through episodes of heroism and betrayal, victory and loss, on the battlefield and the home front alike."" ""Supremely ambitious, artistically daring, deeply satisfying, Generations of Winter is a modern classic.""--BOOK JACKET.Title Summary field provided by Blackwell North America, Inc. All Rights Reserved",fiction,,1994,google_books,ggpgAAAAMAAJ,Василий Аксенов,en
fcac8ebbaf73dac2,libro,The Face of Another,"The Japanese novelist Kobo Abe has often been compared to Kafka and this 1966 novel suggests an elegantly chilling postscript to The Metamorphosis. Abe's narrator is a scientist who has been hideously deformed in a laboratory accident, a man who has lost his face in a society where ""losing face"" is a synonym for humiliation. Alienated from his fellows, sexually rejected by his wife, the injured man painstakingly sets out to create a mask so perfect as to be undetectable. Yet once he achieves his goal, he realizes that he has not fashioned a disguise, but an alternate self -- a self that is capable of anything. The Face of Another is an intellectual horror story of the highest order.",fiction,,1992,google_books,_DYNAQAAMAAJ,Kōbō Abe,en
98a325164376c931,libro,Kokoro,"The 15 classic essays collected in Kokoro examine the inner spiritual life of Japan. The title itself can be translated as ""heart,"" ""spirit"" or ""inner meaning,"" and that's exactly what this collection teaches us about Japan. Sometimes touching and always compelling, the writings here tell the stories of the people and social codes that make Japan the unique place it is. ""Kimiko"" paints the portrait of a beautiful geisha; ""By Force of Karma"" tells the story of a Buddhist monk; and in ""A Conservative,"" we come to know the thoughts and actions of a Samurai. As an early interpreter of Japan to the West, Lafcadio Hearn was without parallel in his time. His numerous books about that country were read with a fascination that was a tribute to his keen powers of observation and the vividness of his descriptions. Today, even though Japan has changed greatly from what it was when he wrote about it, his writing is still valid, for it captures the essence of the country—an essence that has actually changed a good deal less than outward appearances might suggest. In a word, the Japanese character and the Japanese tradition are still fundamentally the same as Hearn found them to be, and for this reason, his books are still extremely revealing to readers in the West.",fiction,,2012,google_books,FSTRAgAAQBAJ,Lafcadio Hearn,en
3ba877c964c73b08,libro,The Street of Crocodiles,"''The Street of Crocodiles'' by Bruno Schulz (1892-1942) was first published in Polish in 1934; this English translation was first published in the US by Walker and Company in 1963, public domain. A novel that blends the real and the fantastic, from ""one of the most original imaginations in modern Europe"" (Cynthia Ozick). The Street of Crocodiles in the Polish city of Drogobych is a street of memories and dreams where recollections of Bruno Schulz's uncommon boyhood and of the eerie side of his merchant family's life are evoked in a startling blend of the real and the fantastic. Most memorable - and most chilling - is the portrait of the author's father, a maddened shopkeeper who imports rare birds' eggs to hatch in his attic, who believes tailors' dummies should be treated like people, and whose obsessive fear of cockroaches causes him to resemble one. Bruno Schulz, a Polish Jew killed by the Nazis in 1942, is considered by many to have been the leading Polish writer between the two world wars.",fiction,,2025,google_books,v7VPEQAAQBAJ,Bruno Schulz,en
fbe77e2d27719f1f,libro,Sense and Sensibility - Illustrated Edition,"SENSE AND SENSIBILITY written by Jane Austen with 41 illustrations by Hugh Thomson. When Elinor Dashwood's father dies, her family's finances are crippled. After the Dashwoods move to a cottage in Devonshire, Elinor's sister Marianne is torn between the handsome John Willoughby and the older Colonel Brandon. Meanwhile, Elinor's romantic hopes with Edward Ferrars are hindered due to his prior engagement. Both Elinor and Marianne strive for love while the circumstances in their lives constantly change.",fiction,,2017,google_books,qvk6DwAAQBAJ,Jane Austen,en
c38c565a9f5ebf59,libro,The Final Problem,"In ""The Final Problem"", Sherlock Holmes finds himself locked in a dangerous battle of wits against Professor Moriarty, the mastermind behind London's criminal underworld. Aware of the growing threat, Holmes and Watson flee to Switzerland in an attempt to evade Moriarty's reach. As the pursuit intensifies, Holmes devises a plan to end Moriarty's influence once and for all, leading to a fateful confrontation at the Reichenbach Falls.",fiction,,2025,google_books,XUtNEQAAQBAJ,Arthur Conan Doyle,en
c345ef86d3f4ed08,libro,The Happy Prince and Other Stories,"The Happy Prince and Other Stories is a collection of stories for children by Oscar Wilde. It contains five stories, ""The Happy Prince"", ""The Nightingale and the Rose"", ""The Selfish Giant"", ""The Devoted Friend"", and ""The Remarkable Rocket"". It is most famous for its title story, ""The Happy Prince"". In a town where a lot of poor people suffer, a swallow who was left behind after his flock flew off to Egypt for the winter meets the statue of the late ""Happy Prince"", who in reality has never experienced true happiness. Viewing various scenes of people suffering in poverty from his tall monument, the Happy Prince asks the swallow to take the ruby from his hilt, the sapphires from his eyes, and the golden leaf covering his body to give to the poor. As the winter comes and the Happy Prince is stripped of all of his beauty, his lead heart breaks when the swallow dies as a result of his selfless deeds. The statue is then torn down and melted leaving behind the broken heart and the dead swallow. These are taken up to heaven by an angel that has deemed them the two most precious things in the city by God, so they may live forever in his city of gold and garden of paradise.",fiction,,2019,google_books,D86zAwAAQBAJ,Oscar Wilde,en
02969d47a81b4493,libro,A House-boat on the Styx,"The premise of the book is that everyone who has ever died (up to the time in which the book is set, which seems to be about the time of its publication) has gone to Styx, the river that circles the underworld. The book begins with Charon, ferryman of the Styx being startled - and annoyed - by the arrival of a houseboat on the Styx. At first afraid that the boat will put him out of business, he later finds out that he is actually to be appointed the boat's janitor. What follows are eleven more stories (for a total of twelve) which are set on the house boat. There is no central theme, and the purpose of the book appears to be as a literary thought experiment to see what would happen if various famous dead people were put in the same room with each other. Each chapter is a short story featuring various souls from history and mythology. In the twelfth chapter the house boat disappears, leading into the sequel, The Pursuit of the House-Boat.",fiction,,1898,google_books,l4MZAAAAYAAJ,John Kendrick Bangs,en
3f1817c94b2e32ab,libro,Hemingway,"Summary: A biography of the legendary writer, peerless war correspondent, avid sportsman. Includes a new perspective on his private life.",fiction,,1992,google_books,69JaAAAAMAAJ,James R. Mellow,en
aa4d9a9af788279b,libro,Wundersmith,"A #3 New York Times bestseller A #4 Nielsen BookScan Australia Bestseller A Sunday Times Children’s Book of the Year—8-12 category An Irish Independent Best Children’s Book of 2018 A Bookseller Editor’s Choice A Dymocks’ (Australia) Children’s Book of the Month Longlisted for the Australian Indie Book Award for Best Children’s Book 2019 A Barnes & Noble Best New Middle-Grade Book The Librarians’ Choice Favourite November 2018 An Amazon Editor’s Pick for Top 20 Best Children’s Books of 2018 An Apple Books Next Big 30 Read Saudara-saudari sehidup semati? Saling setia, siap bahu-membahu? Morrigan mulai merasa ikrar Wundrous Society itu hanya omong kosong. Tidak ada yang menyukainya di sekolah—yah, kecuali Hawthorne, sahabatnya. Unit mereka terus dikirimi surat kaleng berisi ancaman untuk menguak rahasia Morrigan dan gurunya di Society hanya mengajarkan satu hal: semua Wundersmith itu jahat dan Morrigan bukanlah pengecualian. Yang terburuk, satu per satu orang mulai menghilang dan teror mulai bermunculan. Nevermoor, kota fantastis yang magis dan menawarkan perlindungan, kini dilingkupi ketakutan dan kecurigaan …. Dan, besar kemungkinan, Morrigan penyebabnya. Telah diterbitkan di 32 negara. Setelah menerbitkan seri Nevermoor, Jessica Townsend dianggap sebagai J.K. Rowling-nya Australia. Buku pertama seri Nevermoor akan segera difilmkan oleh Twentieth Century Fox. [Mizan, Noura Books, Fantasi, Terjemahan, Novel, Indonesia]",fiction,,2019,google_books,3nqhDwAAQBAJ,Jessica Townsend,id
3fa8e0fd22de3b7f,libro,Father Goriot,"Le Père Goriot (""Old Goriot"" or ""Father Goriot"") is an 1835 novel by French novelist and playwright Honoré de Balzac (1799-1850), included in the Scènes de la vie privée section of his novel sequence La Comédie humaine. Set in Paris in 1819, it follows the intertwined lives of three characters: the elderly doting Goriot, a mysterious criminal-in-hiding named Vautrin and a naive law student named Eugène de Rastignac. Originally published in serial form during the winter of 1834-1835, Le Père Goriot is widely considered Balzac's most important novel. It marks the first serious use by the author of characters who had appeared in other books, a technique that distinguishes Balzac's fiction. The novel is also noted as an example of his realist style, using minute details to create character and subtext. The novel takes place during the Bourbon Restoration, which brought profound changes to French society; the struggle by individuals to secure a higher social status is a major theme in the book. The city of Paris also impresses itself on the characters - especially young Rastignac, who grew up in the provinces of southern France. Balzac analyzes, through Goriot and others, the nature of family and marriage, providing a pessimistic view of these institutions. The novel was released to mixed reviews. Some critics praised the author for his complex characters and attention to detail; others condemned him for his many depictions of corruption and greed. A favorite of Balzac's, the book quickly won widespread popularity and has often been adapted for film and the stage. It gave rise to the French expression ""Rastignac"", a social climber willing to use any means to better his situation. (wikipedia.org) About the author: Honoré de Balzac born Honoré Balzac; (20 May 1799 - 18 August 1850) was a French novelist and playwright. The novel sequence La Comédie humaine, which presents a panorama of post-Napoleonic French life, is generally viewed as his magnum opus. Owing to his keen observation of detail and unfiltered representation of society, Balzac is regarded as one of the founders of realism in European literature. He is renowned for his multi-faceted characters; even his lesser characters are complex, morally ambiguous and fully human. Inanimate objects are imbued with character as well; the city of Paris, a backdrop for much of his writing, takes on many human qualities. His writing influenced many famous writers, including the novelists Émile Zola, Charles Dickens, Marcel Proust, Gustave Flaubert, and Henry James, and filmmakers François Truffaut and Jacques Rivette. Many of Balzac's works have been made into films and continue to inspire other writers. James called him ""really the father of us all."" An enthusiastic reader and independent thinker as a child, Balzac had trouble adapting to the teaching style of his grammar school. His willful nature caused trouble throughout his life and frustrated his ambitions to succeed in the world of business. When he finished school, Balzac was apprenticed in a law office, but he turned his back on the study of law after wearying of its inhumanity and banal routine. Before and during his career as a writer, he attempted to be a publisher, printer, businessman, critic, and politician; he failed in all of these efforts. La Comédie Humaine reflects his real-life difficulties, and includes scenes from his own experience. Balzac suffered from health problems throughout his life, possibly owing to his intense writing schedule. His relationship with his family was often strained by financial and personal drama, and he lost more than one friend over critical reviews. In 1850, Balzac married Ewelina Hańska (née Contessa Rzewuska), a Polish aristocrat and his longtime love. He died in Paris six months later. (wikipedia.org)",fiction,,2024,google_books,A2Ni0AEACAAJ,Honoré de Balzac,en
dee93cc10b9e4fdf,libro,THE Murder Of Roger Ackroyd,"Considered to be one of Agatha Christie's greatest, and also most controversial mysteries, 'The Murder Of Roger Ackroyd' breaks the rules of traditional mystery. The peaceful English village of King’s Abbot is stunned. The widow Ferrars dies from an overdose of Veronal. Not twenty-four hours later, Roger Ackroyd—the man she had planned to marry—is murdered. It is a baffling case involving blackmail and death that taxes Hercule Poirot’s “little grey cells” before he reaches one of the most startling conclusions of his career. Librarian's note: the first fifteen novels in the Hercule Poirot series are 1) The Mysterious Affair at Styles, 1920; 2) The Murder on the Links, 1923; 3) The Murder of Roger Ackroyd, 1926; 4) The Big Four, 1927; 5) The Mystery of the Blue Train, 1928; 6) Peril at End House, 1932; 7) Lord Edgware Dies, 1933; 8) Murder on the Orient Express, 1934; 9) Three Act Tragedy, 1935; 10) Death in the Clouds, 1935; 11) The A.B.C. Murders, 1936; 12) Murder in Mesopotamia, 1936; 13) Cards on the Table, 1936; 14) Dumb Witness, 1937; and 15) Death on the Nile, 1937. These are just the novels; Poirot also appears in this period in a play, Black Coffee, 1930, and two collections of short stories, Poirot Investigates, 1924, and Murder in the Mews, 1937. Each novel, play and short story has its own entry on Goodreads.",fiction,,2024,google_books,fP33EAAAQBAJ,AGATHA CHRISTIE,en
32a242891e5ffc9a,libro,Italian Science Fiction,"This book explores Italian science fiction from 1861, the year of Italy’s unification, to the present day, focusing on how this genre helped shape notions of Otherness and Normalness. In particular, Italian Science Fiction draws upon critical race studies, postcolonial theory, and feminist studies to explore how migration, colonialism, multiculturalism, and racism have been represented in genre film and literature. Topics include the role of science fiction in constructing a national identity; the representation and self-representation of “alien” immigrants in Italy; the creation of internal “Others,” such as southerners and Roma; the intersections of gender and race discrimination; and Italian science fiction’s transnational dialogue with foreign science fiction. This book reveals that though it is arguably a minor genre in Italy, science fiction offers an innovative interpretive angle for rethinking Italian history and imagining future change in Italian society.",fiction,,2019,google_books,lOijDwAAQBAJ,"Simone Brioni, Daniele Comberiati",en
ee2555eb30b843a9,libro,The Pickwick Papers,"The Pickwick PapersThe Posthumous Papers of the Pickwick Club The Posthumous Papers of the Pickwick Club (also known as The Pickwick Papers) was Charles Dickens's first novel. He was asked to contribute to the project as an up-and-coming writer following the success of Sketches by Boz, published in 1836 (most of Dickens' novels were issued in shilling instalments before being published as complete volumes). Dickens (still writing under the pseudonym of Boz) increasingly took over the unsuccessful monthly publication after the original illustrator Robert Seymour had committed suicide. With the introduction of Sam Weller in chapter 10, the book became the first real publishing phenomenon, with bootleg copies, theatrical performances, Sam Weller joke books, and other merchandise. After the publication, the widow of Robert Seymour claimed that the idea for the novel was originally her husband's however, in his preface to the 1867 edition, Dickens strenuously denied any specific input, writing that ""Mr Seymour never originated or suggested an incident, a phrase, or a word, to be found in the book.""Editorial ReviewsReviewCharles Dickens' first novel, The Pickwick Papers was first published in 1836.Samuel Pickwick is the founder and perpetual president of the Pickwick Club. He and his fellow Pickwickians travel to the far-flung corners of London in search of adventure - luckily for the gentlemen, amusement and hilarity are never in short supply. Along their way, they encounter plenty of characters - from villains who land them in deep trouble to one woman who sues Pickwick to force him into marriage, providing the Pickwickians with plenty of tales to entertain.",fiction,,2020,google_books,ZC8czgEACAAJ,Charles Dickens,en
9b92a6a59ee32259,libro,"Principles of Phisics, or Natural Philosophy","Reprint of the original. The publishing house Anatiposi publishes historical books as reprints. Due to their age, these books may have missing pages or inferior quality. Our aim is to preserve these books and make them available to the public so that they do not get lost.",fiction,,2023,google_books,9WuqEAAAQBAJ,Benjamin Silliman,en
6f949d9a6c2817cb,libro,"Consolations in Travel; or, the Last Days of a Philosopher","Reprint of the original, first published in 1838. The Antigonos publishing house specialises in the publication of reprints of historical books. We make sure that these works are made available to the public in good condition in order to preserve their cultural heritage.",fiction,,2025,google_books,3Zh2EQAAQBAJ,Humphry Davy,en
37067ebe2c739c9b,libro,The Philosophy of Science Fiction Film,"The science fiction genre maintains a remarkable hold on the imagination and enthusiasm of the filmgoing public, captivating large audiences worldwide and garnering ever-larger profits. Science fiction films entertain the possibility of time travel and extraterrestrial visitation and imaginatively transport us to worlds transformed by modern science and technology. They also provide a medium through which questions about personal identity, moral agency, artificial consciousness, and other categories of experience can be addressed. In The Philosophy of Science Fiction Film, distinguished authors explore the storylines, conflicts, and themes of fifteen science fiction film classics, from Metropolis to The Matrix. Editor Steven M. Sanders and a group of outstanding scholars in philosophy, film studies, and other fields raise science fiction film criticism to a new level by penetrating the surface of the films to expose the underlying philosophical arguments, ethical perspectives, and metaphysical views. Sanders's introduction presents an overview and evaluation of each essay and poses questions for readers to consider as they think about the films under discussion.The first section, ""Enigmas of Identity and Agency,"" deals with the nature of humanity as it is portrayed in Blade Runner, Dark City, Frankenstein, Invasion of the Body Snatchers, and Total Recall. In the second section, ""Extraterrestrial Visitation, Time Travel, and Artificial Intelligence,"" contributors discuss 2001: A Space Odyssey, The Terminator, 12 Monkeys, and The Day the Earth Stood Still and analyze the challenges of artificial intelligence, the paradoxes of time travel, and the ethics of war. The final section, ""Brave Newer World: Science Fiction Futurism,"" looks at visions of the future in Metropolis, The Matrix, Alphaville, and screen adaptations of George Orwell's 1984.",science fiction,4.0,2007,google_books,xIU9d6W3vEkC,Steven Sanders,en
746087679598b0da,libro,Science Fact and Science Fiction,Publisher description,science fiction,5.0,2006,google_books,uefwmdROKTAC,Brian M. Stableford,en
720d870cbef141d3,libro,Science Fiction Prototyping,"Science fiction is the playground of the imagination. If you are interested in science or fascinated with the future then science fiction is where you explore new ideas and let your dreams and nightmares duke it out on the safety of the page or screen. But what if we could use science fiction to do more than that? What if we could use science fiction based on science fact to not only imagine our future but develop new technologies and products? What if we could use stories, movies and comics as a kind of tool to explore the real world implications and uses of future technologies today? Science Fiction Prototyping is a practical guide to using fiction as a way to imagine our future in a whole new way. Filled with history, real world examples and conversations with experts like best selling science fiction author Cory Doctorow, senior editor at Dark Horse Comics Chris Warner and Hollywood science expert Sidney Perkowitz, Science Fiction Prototyping will give you the tools you need to begin designing the future with science fiction. The future is Brian David Johnson's business. As a futurist at Intel Corporation, his charter is to develop an actionable vision for computing in 2021. His work is called ""future casting""-using ethnographic field studies, technology research, trend data, and even science fiction to create a pragmatic vision of consumers and computing. Johnson has been pioneering development in artificial intelligence, robotics, and reinventing TV. He speaks and writes extensively about future technologies in articles and scientific papers as well as science fiction short stories and novels (Fake Plastic Love and Screen Future: The Future of Entertainment, Computing and the Devices We Love). He has directed two feature films and is an illustrator and commissioned painter. Table of Contents: Preface / Foreword / Epilogue / Dedication / Acknowledgments / 1. The Future Is in Your Hands / 2. Religious Robots and Runaway Were-Tigers: A Brief Overview of the Science and the Fiction that Went Into Two SF Prototypes / 3. How to Build Your Own SF Prototype in Five Steps or Less / 4. I, Robot: From Asimov to Doctorow: Exploring Short Fiction as an SF Prototype and a Conversation With Cory Doctorow / 5. The Men in the Moon: Exploring Movies as an SF Prototype and a Conversation with Sidney Perkowitz / 6. Science in the Gutters: Exploring Comics as an SF Prototype and a Conversation With Chris Warner / 7. Making the Future: Now that You Have Developed Your SF Prototype, What's Next? / 8. Einstein's Thought Experiments and Asimov's Second Dream / Appendix A: The SF Prototypes / Notes / Author Biography",science fiction,,2011,google_books,sbv3E9-vueUC,Brian David Johnson,en
7d7fae1289595e82,libro,Fiction in American Magazines Before 1800,"An easy-to-use identification manual for plants in eastern United States. Identification is through keys in which the matching of plant characteristics leads to family, genus, species and common name. The book also lists flowering dates, habitat and degree of rarity.",science fiction,,1993,google_books,opEUAQAAIAAJ,Edward W. R. Pitcher,en
c0328cf349a37a77,libro,Science Fiction,This book compares science fiction with science fact.,science fiction,,1995,google_books,O72EoPJN4mUC,"Isaac Asimov, Greg Walz-Chojnacki, Francis Reddy",en
ca37b0fbf3bfe774,libro,100 Masters of Mystery and Detective Fiction,"Essays taken from Salem Press's Critical survey of mystery and detective fiction, published in 1988.",science fiction,,2001,google_books,LjAYAAAAIAAJ,Fiona Kelleghan,en
f1e29a13b8af90aa,libro,The Supernatural and English Fiction,"This book is the first ever to describe and discuss all the principal English writers who have handled the subject of the supernatural. Among those included in Glen Cavaliero's absorbing study are James Hogg, Sheridan Le Fanu, Henry James, Rudyard Kipling, Walter de la Mare, M. R. James, John Cowper Powys, William Golding, Iris Murdoch, and Muriel Spark. As well as analysing the senses in which the supernatural may be understood, he relates them to different kinds of fiction, such as the Gothic novel, the occultist romance, the ghost story, novels of paranormal psychology, nature mysticism, and late twentieth-century uses of allegory and fable. He examines the impact of supernaturalist themes upon naturalistic writers, and discusses the relevance of the supernatural to the question of the truthfulness of fiction, and to contemporary literary theory and its ideological accompaniments.",science fiction,,1995,google_books,AzFaAAAAMAAJ,Glen Cavaliero,en
c97e4198daf4a4c6,libro,Music in Contemporary British Fiction,Movie Watchers Guide to Enlightenment describes helpful movies in healing and Awakening to Truth.,science fiction,,2008,google_books,UbULAQAAMAAJ,Gerry Smyth,en
7f8cb527c4dc14ba,libro,The Country of the Pointed Firs and Other Fiction,"This volume includes Jewett's classic novella and 13 of her short stories, written towards the end of her career. The introduction, a pharmacopoeia, and extensive explanatory notes suggest a variety of ways to explore Jewett's subtle fiction.",science fiction,,1996,google_books,46gfAQAAIAAJ,Sarah Orne Jewett,en
9658014c8c5e695e,libro,History and Fiction in Galdós's Narratives,"Galdos wrote prolifically in two distinct narrative modes: some twenty major 'contemporary novels' in the realist tradition and a special sort of historical novel he called the episodio nacional. The reign of Isabella II (1843-68) and the revolutionary period which followed until 1875 was a time of exceptional volatility in Spain, and Geoffrey Ribbans's comprehensive study shows how each of Galdos's two narrative modes adopts a particular technique in its treatment of Spanish history and politics. The episodio is tightly bound to historical events and timescale, though it skilfully incorporates its fictional characters into this framework; the novel on the other hand is embedded in historical reality in a constant but less systematic manner.",science fiction,,1993,google_books,BiNfAAAAMAAJ,Geoffrey Ribbans,en
d125aafed5b9578c,libro,Content-Based Chapter Books Fiction (Science: Planet Patrol): Antarctic Adventure,"""Four students travel to dry, icy Antarctica to study the AdeÌ1lie penguins. They use all they have learned to make an important rescue by themselves""--Publisher's website",science fiction,,2007,google_books,SZ1iE5WfIOIC,Rebecca L. Johnson,en
355986b80d61e614,libro,"Space, Cosmology and Fiction","""Space, Cosmology and Fiction begins with the confrontation between Galileo and the Church. It then follows some of the scientific discoveries which led to modern cosmology, to the excitement of science fiction, and to the present possibilities of space technology""--Page 4 of cover.",science fiction,,1983,google_books,6iVFAAAAYAAJ,Joan Solomon,en
eed568becd5446bf,libro,Holt Anthology of Science Fiction,Includes: an introduction to the genre of science fiction -- stories relating to the various areas of science by leading authors in the field -- Bibliographical information on authors -- References for additional reading -- Critical thinking questions.,science fiction,,2000,google_books,p4iTbQm8kR8C,Holt Rinehart & Winston,en
7616a62ca0a8fc5d,libro,The Lord of the Rings,Contains the complete set of the six books of Lord of the Rings.,fantasy,4.5,2001,google_books,ptHZAAAAMAAJ,"j.r.r. tolkien, John Ronald Reuel Tolkien",en
83c037bf76663977,libro,The Horse and His Boy,Our hardcover and paperback digest editions of THE CHRONICLES OF NARNIA are now graced with new jacket and cover art by 2-time Caldecott medalist David Wiesner.,fantasy,,1954,google_books,jW7ZAAAAMAAJ,Clive Staples Lewis,en
e6eb47c5d86df006,libro,Charlie and the Chocolate Factory,Each of five children lucky enough to discover an entry ticket into Mr. Willy Wonka's mysterious chocolate factory takes advantage of the situation in his own way.,fantasy,3.0,1998,google_books,R1YX6TzrLyAC,Roald Dahl,en
1a5ace1175b3128e,libro,The Riddle-master of Hed,"In seeking the answer to the riddle of the three stars on his forehead and the three stars on the enchanted harp and sword, Morgon, Prince of Hed, goes ultimately to the High One, himself.",fantasy,5.0,1976,google_books,jJsiAQAAIAAJ,Patricia A. McKillip,en
3d8b5b9cb8a22c8c,libro,A Hat Full of Sky,"A real witch never casually steps out of her body, leaving it empty. Eleven-year-old Tiffany does. And there's something just waiting for a handy body to take over. Something ancient and horrible, which can't die . . . Wise, witty and wonderful, A Hat Full of Sky is Terry Pratchett's second novel about Tiffany and the Wee Free Men - the rowdiest, toughest, smelliest bunch of fairies ever. They'll fight anything. And even they might not be enough to save Tiffany . . .",fantasy,,2004,google_books,NACDQgAACAAJ,Terry Pratchett,en
26069382fc439593,libro,James and the Giant Peach,Wonderful adventures abound after James escapes from his fearful aunts by rolling away inside a giant peach.,fantasy,,1996,google_books,pg5aAAAAYAAJ,Roald Dahl,en
1008e5b5620de824,libro,Journey to the Centre of the Earth,A team of explorers makes an expedition into a crater in Iceland which leads to the center of the earth and to incredible and horrifying discoveries.,fantasy,,1965,google_books,SXYZJEpNVNIC,Jules Verne,en
1e1f094db21b042f,libro,The Worm Ouroboros,"THERE was a man named Lessingham dwelt in an old low house in Wasdale, set in a gray old garden where yew-trees flourished that had seen Vikings in Copeland in their seedling time. Lily and rose and larkspur bloomed in the borders, and begonias with blossoms big as saucers, red and white and pink and lemon-colour, in the beds before the porch. Climbing roses, honeysuckle, clematis, and the scarlet flame-flower scrambled up the walls. Thick woods were on every side without the garden, with a gap north-eastward opening on the desolate lake and the great fells beyond it: Gable rearing his crag-bound head against the sky from behind the straight clean outline of the Screes. Cool long shadows stole across the tennis lawn. The air was golden. Doves murmured in the trees; two chaffinches played on the near post of the net; a little water-wagtail scurried along the path. A French window stood open to the garden, showing darkly a dining-room panelled with old oak, its Jacobean table bright with flowers and silver and cut glass and Wedgwood dishes heaped with fruit: greengages, peaches, and green muscat grapes. Lessingham lay back in a hammock-chair watching through the blue smoke of an after-dinner cigar the warm light on the Gloire de Dijon roses that clustered about the bedroom window overhead. He had her hand in his. This was their House. ""Should we finish that chapter of Njal?"" she said. She took the heavy volume with its faded green cover, and read: ""He went out on the night of the Lord's day, when nine weeks were still to winter; he heard a great crash, so that he thought both heaven and earth shook. Then he looked into the west airt, and he thought he saw thereabouts a ring of fiery hue, and within the ring a man on a gray horse. He passed quickly by him, and rode hard. He had a flaming firebrand in his hand, and he rode so close to him that he could see him plainly. He was black as pitch, and he sung this song with a mighty voice--"" Here I ride swift steed. His flank flecked with rime. Rain from his mane drips. Horse mighty for harm; Flames flare at each end. Gall glows in the midst. So fares it with Flosi's redes As this flaming brand flies; And so fares it with Flosi's redes As this flaming brand flies. ""'Then he thought he hurled the firebrand east towards the fells before him, and such a blaze of fire leapt up to meet it that he could not see the fells for the blaze. It seemed as though that man rode east among the flames and vanished there. ""'After that he went to his bed, and was senseless for a long time, but at last he came to himself. He bore in mind all that had happened, and told his father, but he bade him tell it to Hjallti Skeggi's son. So he went and told Hjallti, but he said he had seen ""the Wolf's Ride, and that comes ever before great tidings.""'"" They were silent awhile; then Lessingham said suddenly, ""Do you mind if we sleep in the east wing to-night?"" ""What, in the Lotus Room?"" ""Yes."" ""I'm too much of a lazy-bones to-night, dear,"" she answered.",fantasy,,1952,google_books,O6FaAAAAMAAJ,Eric Rücker Eddison,en
899fb9f24fb0dff0,libro,Moominvalley in November,"Winter's approach brings six friends together in Moominvalley where, in the Moomins' absence, they must visit with each other.",fantasy,,1971,google_books,AORC3NXu-aIC,,en
b75d53e894f2cdc7,libro,Finn Family Moomintroll,A family of Trolls finds a hobgoblin's hat.,fantasy,,1958,google_books,JHVcAAAAMAAJ,,en
8acfcda49f8590c2,libro,Silver on the Tree,"In this conclusion of the ""Dark Is Rising"" sequence, Will Stanton, the Welsh boy Bran, and the Drew children try to locate the crystal sword that alone can vanquish the strong forces of the Dark.",fantasy,,1979,google_books,o2m2LaEJZkEC,Susan Cooper,en
05600552939a810a,libro,The Hobbit,Bilbo was a hobbit that wanted to be left alone but the wizard Gandalf came with a band of homeless dwarves. It was Bilbo alone and unaided who had to confront the great dragon Smaug.,fantasy,,1966,google_books,AihPyQEACAAJ,John Ronald Reuel Tolkien,en
851638b346c3c624,libro,"Casanova's ""Icosameron"", Or, The Story of Edward and Elizabeth","After a shipwreck, Edward and Elizabeth find themselves in the center of the earth and live for eighty-one years with the small humans they find there.",fantasy,,1986,google_books,96waAQAAIAAJ,Giacomo Casanova,en
bf4684903ae371e9,libro,Harry Potter and the Sorcerer's Stone,"Rescued from the outrageous neglect of his aunt and uncle, a young boy with a great destiny proves his worth while attending Hogwarts School for Wizards and Witches.",fantasy,,1998,google_books,anPzzgEACAAJ,J. K. Rowling,en
1ce818bad7612719,libro,Peter Pan and Wendy,"A classic story picture book that will appeal to boys as well as girls, illustrated by an award winning Australian illustrator. This is the Centenary edition which makes it an attractive collectors item.",fantasy,,2004,google_books,HUebPwAACAAJ,James Matthew Barrie,en
499d470acc35900e,libro,The Athenian Murders,"In a dual story set in ancient Greece and modern times, the idealistic Diagoras teams up with Heracles Pontor to solve the murders of young Pluto's Academy students, and the present-day translator of the ancient text pursues what he believes to be a hidden meaning in the words of the writer. 20,000 first printing.",mystery,,2002,google_books,Iz6ZQgAACAAJ,"José Carlos Somoza, Sonia Soto",en
4c1d3420ff833198,libro,Trent's Last Case,"A powerful and ruthless American capitalist is found dead in the garden of his English country house. But why is he not wearing his false teeth? Why is his young widow so relieved at his death? The artist and amateur detective Philip Trent arrives to find that there is more to the case than the solving of a puzzle: he must also accept his own fallibility, in detection and in romance.",mystery,,1995,google_books,T-YfAQAAIAAJ,Edmund Clerihew Bentley,en
772f0107090cbfcf,libro,Emil and the Detectives,"On his way to Berlin to visit his grandmother Emil fell asleep and had his money stolen by the man who shared his compartment. Altho he came from the country Emil was not stupid, and he determined to get that money back. He followed the man, met the boy with the auto horn, who summoned his friends, and among them all they caught a very clever thief.",mystery,,1930,google_books,rDRAAAAAIAAJ,Erich Kästner,en
450bd8ab39c1b28b,libro,Crime and Punishment,"Raskolnikov commits murder. He then must deal both with the police, and his own guilty conscience. Determined to overreach his humanity and assert his untrammelled individual will, Raskolnikov, an impoverished student living in the St. Petersburg of the Tsars, commits an act of murder and theft and sets into motion a story which, for its excrutiating suspense, its atmospheric vividness, and its profundity of characterization and vision, is almost unequaled in the literatures of the world. The best known of Dostoevsky's masterpieces, Crime and Punishment can bear any amount of rereading without losing a drop of its power over our imagination.",mystery,,1953,google_books,OwzXHyR1W-AC,Fyodor Dostoyevsky,en
3f271d954f8f771d,libro,Spider's Web,Clarissa's efforts to dispose of the corpse in her drawing room before her husband arrives with an important foreign dignitary are threatened by the arrival of a police officer who has come in response to an anonymous tip about a murder.,mystery,,2000,google_books,86oZ5ni4O5IC,"Charles Osborne, Agatha Christie",en
b97bb027a856ea68,libro,Crime and Punishment,"Determined to overreach his humanity and assert his untrammeled individual will, Raskolnikov, and impoverished student living in the St. Petersburg of the Tsars, commits an act of murder and theft and sets into motion a story which, for its excruciating suspense, its atmospheric vividness, and its profundity of characterization and vision, is almost unequaled in the literatures of the world.Fyodor Mikhaylovich Dostoyevsky was a Russian writer, essayist and philosopher, perhaps most recognized today for his novels Crime and Punishment and The Brothers Karamazov. Dostoyevsky is considered one of Europe's major novelists. His literary output explores human psychology in the troubled political, social and spiritual context of 19th-century Russian society. Considered by many as a founder, or precursor of 20th-century existentialism, his Notes from Underground, written in the embittered voice of the anonymous ""underground man"", was called by Walter Kaufmann the ""best overture for existentialism ever written.""In 1844, after serving five years in the army, Dostoyevsky started to write his own fiction and in 1845 his first work, the epistolary short novel, Poor Folk, was met with great acclaim. As legend has it, the editor of the magazine, poet Nikolai Nekrasov, walked into the office of liberal critic Vissarion Belinsky and announced, ""a new Gogol has arisen!"" Belinsky, his followers, and many others agreed. After the novel was fully published in book form at the beginning of the next year, Dostoyevsky became a literary celebrity at the age of 24.",mystery,,2019,google_books,2SyyzAEACAAJ,Fyodor Dostoyevsky,en
8ddcedb42d491a94,libro,"Mr. Parker Pyne, Detective","Short stories about an assortment of people who respond to an ad in the paper worded: Are you happy? If not, consult Mr. Parker Pyne, 17 Richmond Street.",mystery,,1961,google_books,KGfc6lEu170C,Agatha Christie,en
aaf3865d5ed60498,libro,The Complete Sherlock Holmes,Volume 1.,mystery,,1927,google_books,_FgGAQAAIAAJ,Arthur Conan Doyle,en
929c00b59c432164,libro,Fractured,"Ansley Park is one of Atlanta's most upscale neighbourhoods but in one gleaming mansion, in a teenager's lavish bedroom, a girl has been savagely murdered.",mystery,,2009,google_books,KmBnH5U_GgoC,Karin Slaughter,en
1a70a614496a61c5,libro,The Door to Time,"Eleven-year-old twins Jason and Julia have just moved from London to an old mansion on the English coast. Their new home is filled with twisting tunnels and strange artifacts from around the world, and the twins can't wait to discover all its secrets. Before long, Jason, Julia, and their friend Rick stumble upon a mysterious-looking door hidden behind an old wardrobe. But none of the keys in the house will open it. What lies behind the door? And why has someone tried to conceal it? Jason, Julia, and Rick are determined to find out, no matter what it takes....",mystery,,2006,google_books,vZ9ZAAAAYAAJ,Pierdomenico Baccalario,en
55f00c48ec73306d,libro,Wilful Behaviour,"When one of his wife Paola's students approaches him with the story of a crime supposedly committed by her grandfather, Commissario Brunetti thinks little of it. But when she is found dead, she is no longer just Paola's student - she is Brunetti's case (publisher)",mystery,,2003,google_books,1q9y3J40susC,Donna Leon,en
74228ab984c23ca1,libro,The Mysterious Mr Quin,"The shrewd, intuitive, and mysterious Harley Quin uncovers evil and criminal acts among the wealthy and aristocratic set in such places as London, Monte Carlo, and Cannes.",mystery,,2011,google_books,VXjYtwEACAAJ,Agatha Christie,en
848f673053e48232,libro,The Art Thief,"Rome: In the small Baroque church of Santa Giuliana, a magnificent Caravaggio altarpiece disappears without a trace in the middle of the night. Paris: In the basement vault of the Malevich Society, curator Genevieve Delacloche is shocked to discover the disappearance of the Society's greatest treasure, White-on-White by Suprematist painter Kasimir Malevich. London: At the National Gallery of Modern Art, the museum's latest acquisition is stolen just hours after it was purchased for more than six million pounds. In The Art Thief, three thefts are simultaneously investigated in three cities, but these apparently isolated crimes have much more in common than anyone imagines. In Rome, the police enlist the help of renowned art investigator Gabriel Coffin when tracking down the stolen masterpiece. In Paris, Genevieve Delacloche is aided by police inspector Jean-Jacques Bizot, who finds a trail of bizarre clues and puzzles that leads him ever deeper into a baffling conspiracy. In London, inspector Harry Wickenden of Scotland Yard oversees the museum's attempts to ransom back its stolen painting, only to have the masterpiece's recovery deepen the mystery even further.A dizzying array of forgeries, overpaintings, and double-crosses unfolds as the story races through auction houses, museums, and private galleries -- and the secret places where priceless works of art are made available to collectors who will stop at nothing to satisfy their hearts' desires. Full of fascinating art-historical detail, crackling dialogue, and a brain-teasing plot, Noah Charney's debut novel is a sophisticated, stylish thriller, as irresistible and multifaceted as a great work of art.",mystery,,2007,google_books,o_NdPgAACAAJ,Noah Charney,en
03ee102eba73f4fc,libro,Murder for Christmas,"The Yuletide season becomes a time for mystery and murder in a collection of twenty-six tales by such writers as Arthur Conan Doyle, Agatha Christie, O. Henry, Ngaio Marsh, Thomas Hardy, and Rex Stout",mystery,,1987,google_books,6hsTHQAACAAJ,Thomas Godfrey,en
d45b01ac88e82f4f,libro,Discerning the Mystery,"This book examines the influence of the Enlightenment on theology, arguing that its legacy did not profoundly affect the importance of tradition; that the ways of older theology hold a surprising relevance; and that the unity between theology and spirituality is once again discerned.",mystery,,1983,google_books,jTtSAQAAIAAJ,Andrew Louth,en
2dda2eac2662dabf,libro,The Jester,"With the unstoppable pace and plot of his page-turning thrillers, ""The Jester"" is a breathtakingly romantic, pulse-pounding adventure set in the Middle Ages--one that could only be conjured by the mind of international bestselling author Patterson.",thriller,,2003,google_books,AWowWWQhJ24C,"James Patterson, Andrew Gross",en
d0c2f3056486abf3,libro,Shutter Island,"In the year 1954, U.S. Marshal Teddy Daniels and his partner, Chuck Aule, come to Shutter Island, home of Ashcliffe Hospital for the Criminally Insane, to investigate an unexplained disappearance. Multiple murderess Rachel Solando is loose somewhere on this barren island. As a killer hurricane bears relentlessly down on the island, hints of radical experimentation and covert government machinations add darker, more sinister shades to an already bizarre case.",thriller,3.5,2009,google_books,QKkCSQAACAAJ,Dennis Lehane,de
bddbebdf4ad5b36a,libro,The Glass Key,"Ned Beaumont is a tall, thin, moustache-wearing, TB-ridden, drinking, gambling, hanger-on to the political boss of a corrupt Eastern city. Nevertheless, like every Hammett hero (and like Hammett himself), he has an unbreakable, if idiosyncratic, moral code. Ned's boss wants to better himself with a thoroughbred senator's daughter; but does he want it badly enough to commit murder? If he's innocent, who wants him in the frame? Beaumont must find out.",thriller,,2002,google_books,2aBcmQEACAAJ,Dashiell Hammett,en
36286264faada7a8,libro,The Eleventh Commandment,"ELEVENTH COMMANDMENT Jeffrey Archer Connor Fitzgerald has an impressive resume. Military hero. Devoted family man. Servant of his country--as an assassin. Just as he's about to put his twenty-eight-year career at the CIA behind him, he comes up against the most dangerous enemy he's ever faced: His own boss, Helen Dexter."""" As Director of the CIA, Dexter has always been the one to hold the strings. But when her status is threatened by a greater power, her only hope for survival is to destroy Fitzgerald. Meanwhile, the country braces itself as tensions with a new Russian leader reach the boiling point...and it's up to Fitzgerald to pull off his most daring mission yet: To save the world. Even if that means risking everything--including his own life--in the process.",thriller,3.5,1998,google_books,yRSoAAAAIAAJ,Jeffrey Archer,en
a5b50ffc44d0f1d9,libro,Hour Game,When is a serial killer not a serial killer? When are the hands on a clock not the hands on a clock? When you play the hour game.,thriller,,2004,google_books,vJ7xtwEACAAJ,David Baldacci,en
0a3d6d6dcc739e6f,libro,Harbour,"On a winter trip home to the island of Domarö, Anders and Cecilia take their six-year-old daughter Maja across the ice to visit the lighthouse at Gåvasten. And Maja disappears. Leaving not even a footprint in the snow. Two years later, alone and more or less permanently drunk, Anders returns to Domarö to confront his despair. He slowly realises that Maja's disappearance is not the first inexplicable tragedy to strike the islanders. Nor is everyone telling him all they know; even his own mother, it seems, is keeping secrets. And what is it about the sea? There's something very bad happening on Domarö. Something that involves the sea itself. As he did with Let the Right One Inand Handling the Undead, John Ajvide Lindqvist serves up a masterful cocktail of suspense laced with bizarre humour and a narrative that barely pauses for breath. Harbour is also a heartbreaking study of loss and guilt and a novel whose epic climax pits the infinite force of nature against the implacable love of a father for his child.",thriller,,2010,google_books,TuH30QEACAAJ,John Ajvide Lindqvist,en
bf6c087d2dd78bf3,libro,Confessions of a Thug,"The Thuggees were a roving tribe of assassins and criminals who terrorized India for centuries. This fictionalized autobiography of a member of the Thuggees was a runaway bestseller in nineteenth-century England. Author Philip Meadows Taylor is said to have based the book on his conversations with Syeed Amir Ali (also known as Feringhea), a long-time member of the group.",thriller,,2014,google_books,CqGYswEACAAJ,Philip Meadows Taylor,en
f0744991610ed25c,libro,The Traveller,"In the shadows of our modern society, an ancient conflict between good and evil is being fought. A life-and-death battle we will never see, between those who wish to control history and those who will risk their lives for freedom and enlightenment... Los Angeles: A city where you have to work hard to live beneath the surface. Gabriel and Michael Corrigan are trying to do just that. Since childhood, the brothers have been shaped by the stories that their mystical father, a man of strange powers and intuition, has told them about the world in which they live. After his violent death, they have been living 'off the grid' - that is, invisible to the intricate surveillance networks that monitor our modern lives. London: Maya, a tough and feisty young woman, is playing at being a citizen, is playing at leading a normal life. But her background is anything but. Trained to fight since she was a young girl, she is the last in a long line whose duty is to protect the gifted among us. When she is summoned to Prague by her aillng father, she learns that Gabriel and Michael's lives are in danger and are in desperate need of protection. the meeting with her father before brutally killing him. Tasked to hunt down the brothers, he tracks Maya as she seeks to fulfil what turns out to be her father's last command. When Maya flies to California to find them, an extraordinary chase begins, the final running battle in the war which will reveal the secret history of our time...",thriller,4.0,2005,google_books,Z0-oxxP9qBQC,John Twelve Hawks,en
326b359a74ed6f3f,libro,Revenge,"A distinct departure from his popular comic novels, this haunting, provocative tale of wrongful imprisonment and violent retribution is Stephen Fry’s first thriller. A brilliant recasting of the classic story The Count of Monte Cristo, Revenge crackles with the wit and intelligence readers have come to expect from this hugely talented author, actor, and comedian, yet it reveals an intriguingly deep, much darker side of his imagination. Ned Maddstone is a happy, charismatic Oxford-bound seventeen-year-old whose rosy future is virtually preordained. Handsome, confident, and talented, newly in love with bright, beautiful Portia, his father an influential MP, Ned enjoys an existence of boundless opportunity. But privilege makes him an easy target for envy, and in the course of one day Ned’s charmed life is changed forever. A promise made to a dying teacher combined with a prank devised by a jealous classmate mutates bewilderingly into a case of mistaken arrest and incarceration. Drugged and disoriented, Ned finds himself a political prisoner in a nightmarish, harrowing exile, far from home and lost to those he loves. Years pass before an apparently mad, obviously brilliant fellow inmate reawakens the younger man’s intellect and resurrects his will to live. The chilling consequences of Ned’s recovery are felt worldwide. While Revenge breaks new ground with its taut plotting, exhilarating pace, and underlying air of menace, its sophistication and irreverent humor are vintage Fry—a gloriously rich mix that only he could deliver. His first novel in four years is a dramatic, powerful tour de force that is sure to enlarge the American audience for this singularly talented author’s work.",thriller,,2002,google_books,WE0gAQAAIAAJ,Stephen Fry,en
4dfb3322e2da0c2f,libro,The gods of guilt,Strafverteidiger Mickey Haller wird eine Mordankündigung zugespielt. Das Opfer ist eine frühere Klientin von ihm. Haller fühlt sich nun mitschuldig.,thriller,,2014,google_books,i8OB0AEACAAJ,Michael Connelly,en
45ae01cfd8215be2,libro,Gone for Good,"Will Klein lost the love of his life and his brother in the same moment. On October 17, eleven years ago, Julie Miller was found brutally strangled in the basement of her house in the township of Livingston, New Jersey. On that day, Will's brother, Ken Klein, became the subject of an international manhunt accused of the crime. He has not been seen since. Will has tried to get on with his life in the intervening years. He has a beautiful new girlfriend, Sheila, and a job working with the homeless. But when his mother reveals that Ken is still alive on her deathbed and shortly afterwards Sheila disappears, the cracks start to show in his landscape again. But it is only when he finds that Sheila herself is wanted for a savage double-murder that his life actually starts to fall apart . . .",thriller,,2002,google_books,UKYvHAAACAAJ,Harlan Coben,en
d4e8ee5119af762b,libro,King and Maxwell,"The teenage son of an U.S. MIA in Afghanistan hires Sean King and Michelle Maxwell--former Secret Service agents turned private investigators--to solve the mystery surrounding his father. But their investigation quickly leads to deeper, more troubling questions. Could Tyler's father really still be alive? What was his true mission? Could Tyler be the next target?",thriller,,2014,google_books,7UHjoQEACAAJ,David Baldacci,en
23ef1dd933bc46af,libro,Hannibal,"Seven years have passed since Dr. Hannibal Lecter escaped from custody, seven years since FBI Special Agent Clarice Starling interviewed him in a maximum security hospital for the criminally insane. The doctor is still at large, but Starling has never forgotten her encounters with Dr. Lecter, and the metallic rasp of his seldom-used voice still sounds in her dreams...",thriller,,2009,google_books,ei-N0AEACAAJ,Thomas Harris,en
6cb7813537fcb792,libro,Beneath the Bleeding,"When Robbie Bishop, star midfielder for the Bradfield Vics, is poisoned by a rare and deadly toxin, profiler Dr Tony Hill and trusted colleague DCI Carol Jordan have their work cut out for them. Then a bomb explodes in the football stadium, causing massive casualties - and another man dies from poisoning. Is there a link between the cases? What are the motives for these crimes? The clock is ticking and the death toll keeps rising...",thriller,,2016,google_books,-cfAjwEACAAJ,Val McDermid,en
2e9a57e89b20ddc6,libro,The Shadow of the Wind,"It is 1945 and Barcelona is enduring the long aftermath of civil war when Daniel Sempere's bookseller father decides his son is old enough to visit the secret Cemetery of Forgotten Books. There Daniel must adopt a single book, promising to care for it and keep it alive always. His choice falls on The Shadow of the Wind. Bewitched, he embarks on an epic quest to find the truth about Julian Carax, the book's mysterious author. Soon Daniel is consumed by strange discoveries about love and obsession, art and life, and how they become entangled within the shadow world of books. The Shadow of the Wind is a mesmerising love story and literary thriller, which twists and turns and enthrals with its cast of vengeful souls, threatening spectres and innocent hearts.",thriller,,2004,google_books,yoUFRQAACAAJ,Carlos Ruiz Zafón,en
d93de861fc7a488e,libro,Bombproof,"Sami Macbeth is not a master criminal. He's not even a minor one. He's not a jewel thief. He's not a safe-cracker. He's not an expert in explosives.Sami plays guitar and wants to be a rock god but keeps getting side-tracked. Fifty-four hours ago Sami was released from prison. Thirty-six hours ago he slept with the woman of his dreams at the Savoy. An hour ago his train blew up.Now he's carrying a rucksack through London's West End and is the most wanted terrorist in the country . . .BOMBPROOF is a heart-stopping, darkly compelling chase across London's criminal underbelly where an ordinary man faces an extraordinary situation, by multi-million-copy bestselling author MICHAEL ROBOTHAM.",thriller,,2017,google_books,B3RnAQAACAAJ,Michael Robotham,en
59632597c3c8ac41,libro,Impossible,"Brought together by their mutual interest in art, Sasha, a widowed art gallery owner with grown children, and Liam, a successful artist nine years her junior, find new meaning in their lives through their relationship with each other.",romance,4.0,2005,google_books,DPVlAAAAMAAJ,Danielle Steel,en
fb11bb7d188059d6,libro,Esio Trot,"Mr Hoppy loves Mrs Silver. Mrs Silver loves Alfie the tortoise. Sometimes Mr Happy wishes he could become a tortoise. Until one day he finds a way to win Mrs Silver's heart, with the help of a little magic and some cabbage . . .",romance,,2013,google_books,eE9SMQEACAAJ,Roald Dahl,en
2344ed6a75e6652d,libro,The Missing Sister,"From Sunday Times No.1 bestselling author Lucinda Riley comes the latest installment in the epic multimillion-selling series, The Seven Sisters. The story of Merope, the missing sister, is waiting to be told . . . Following Georg Hoffman's revelation that he may have found The Missing Sister, Maia and Ally discover that all they have to go on is an address of a vineyard in New Zealand, plus a drawing of an unusual star-shaped emerald ring. Deciding that CeCe, who lives in Australia, is the closest, they send her to investigate with her partner, Chrissie. So begins a race against time to identify the Missing Sister, so she can join her sisters on The Titan to lay a wreath at a spot on the Aegean Sea where Ally last saw Pa Salt's boat. It's a race that takes them across the globe, as Mary McDougal, the woman who has the emerald ring that can confirm for certain if her daughter, Mary-Kate, is the Missing Sister, has embarked on a world tour after the death of her husband. As each sister takes their turn to trace her in New Zealand, Canada, England, France and Ireland, the elusive Mary manages to slip through their fingers, and it seems that she does not want to be found...",romance,,2021,google_books,7cULzgEACAAJ,Lucinda Riley,en
5691a76d7fbc217d,libro,Ignite Me,"X-Men meets The Handmaid's Tale in the third instalment in an epic and romantic YA fantasy trilogy perfect for fans of Netflix's Stranger Things, Sarah J. Maas, Victoria Aveyard's The Red Queen and Leigh Bardugo's Six of Crows. With Omega Point destroyed, Juliette doesn't know if the rebels, her friends, or even Adam are alive. But that won't keep her from trying to take down The Reestablishment once and for all. Now she must rely on Warner. The one person she never thought she could trust. The same person who saved her life. He promises to help Juliette master her powers and save their dying world ... but that's not all he wants with her. PRAISE FOR THE SHATTER ME SERIES: ""Dangerous, sexy, romantic, and intense. I dare you to stop reading."" - Kami Garcia, #1 New York Times bestselling co-author of the Beautiful Creatures series ""Addictive, intense, and oozing with romance. I'm envious. I couldn't put it down."" - Lauren Kate, #1 New York Times bestselling author of the Fallen series ""Tahereh Mafi's bold, inventive prose crackles with raw emotion. A thrilling, high-stakes saga of self-discovery and forbidden love, the Shatter Me series is a must-read for fans of dystopian young adult literature - or any literature!"" -Ransom Riggs, #1 New York Times bestselling author of Miss Peregrine's Home for Peculiar Children ""IGNITE ME really does ignite all five of your senses. It blows your mind and makes you hungry for more of its amazing characters. It will completely blow your expectations; Tahereh Mafi truly knows how to deliver!"" - Teenreads.com Tahereh Mafi is the New York Times bestselling author of the Shatter Me series which has been published in over 30 languages around the world. She was born in a small city somewhere in Connecticut and currently resides in Santa Monica, California, with her husband, Ransom Riggs, fellow bestselling author of Miss Peregrine's Home For Peculiar Children, and their young daughter. She can usually be found overcaffeinated and stuck in a book. Follow her on Instagram and Twitter @TaherehMafi",romance,,2018,google_books,acHVtAEACAAJ,Tahereh Mafi,en
1cae6af8f74c4d59,libro,Down on My Knees,C.1 ST. AID B & T. 01-17-2008. $15.00.,romance,,2006,google_books,FR2Z0-Z65oMC,Victor McGlothin,en
18dd07dfc348dfc3,libro,Yours Until Dawn,"Blinded in battle, an injury that costs him his beloved fiancée, war hero Gabriel Fairchild lives as a recluse until the arrival of nurse Samantha Wickersham, who sets out to heal not only his body, but also his heart and mind.",romance,,2004,google_books,PhN7ZbhAkOsC,Teresa Medeiros,en
71444f73b8fa6e89,libro,Love Only Once,"The exquisite niece of Lord Edward and Lady Charlotte Malory, Regina Ashton is outraged over her abduction by the arrogant, devilishly handsome Nicholas Eden, and is determined to make the rogue pay, with his heart.",romance,5.0,1985,google_books,w4b-I_NSgXYC,Johanna Lindsey,en
59b3eae5b9abb3e3,libro,Restore Me,"The book that all SHATTER ME fans have been waiting for is finally here. The fourth incredible instalment of Tahereh Mafi's New York Times bestselling YA fantasy series perfect for fans of Sarah J. Maas, Victoria Aveyard's The Red Queen, Stranger Things and Leigh Bardugo's Six of Crows The girl with the power to kill with a single touch now has the world in the palm of her hand. Juliette Ferrars thought she'd won. She took over Sector 45, was named Supreme Commander, and now has Warner by her side. But when tragedy strikes, she must confront the darkness that dwells both around and inside her. Tahereh Mafi is the New York Times bestselling author of the Shatter Me series which has been published in over 30 languages around the world. She was born in a small city somewhere in Connecticut and currently resides in Santa Monica, California, with her husband, Ransom Riggs, fellow bestselling author of Miss Peregrine's Home For Peculiar Children, and their young daughter. She can usually be found overcaffeinated and stuck in a book. Follow her on Instagram and Twitter @TaherehMafi PRAISE FOR THE SHATTER ME SERIES: ""Dangerous, sexy, romantic, and intense. I dare you to stop reading."" - Kami Garcia, #1 New York Times bestselling co-author of the Beautiful Creatures series ""Addictive, intense, and oozing with romance. I'm envious. I couldn't put it down."" - Lauren Kate, #1 New York Times bestselling author of the Fallen series ""Tahereh Mafi's bold, inventive prose crackles with raw emotion. A thrilling, high-stakes saga of self-discovery and forbidden love, the Shatter Me series is a must-read for fans of dystopian young adult literature - or any literature!"" -Ransom Riggs, #1 New York Times bestselling author of Miss Peregrine's Home for Peculiar Children ""IGNITE ME really does ignite all five of your senses. It blows your mind and makes you hungry for more of its amazing characters. It will completely blow your expectations; Tahereh Mafi truly knows how to deliver!"" - Teenreads.com",romance,,2018,google_books,vQdXswEACAAJ,Tahereh Mafi,en
7aac80d4bd4d2e5e,libro,"Her Letter, His Answer & Her Last Letter",Poems written from the point of view of a woman.,romance,,1905,google_books,RsErAAAAYAAJ,Bret Harte,en
89d7dbbb17c29004,libro,Ghosts of the Shadow Market,"The Shadow Market is a meeting point for faeries, werewolves, warlocks and vampires. There the Downworlders buy and sell magical objects, make dark bargains, and whisper secrets they do not want the Nephilim to know. Through two centuries, however, there has been a frequent visitor to the Shadow Market from the City of Bones, the very heart of the Shadowhunters. As a Silent Brother, Brother Zachariah is sworn keeper of the laws and lore of the Nephilim. But once he was a Shadowhunter called Jem Carstairs, and his love, then and always, is the warlock Tessa Gray. Follow Brother Zachariah and see, against the backdrop of the Shadow Market's dark dealing and festival, Anna Lightwood's doomed romance, Matthew Fairchild's great sin and Tessa Gray plunged into a world war. Valentine Morgenstern buys a soul at the Market and a young Jace Wayland's soul finds safe harbor. In the Market is hidden a lost heir and a beloved ghost, and no-one can save you once you have traded away your heart. Not even Brother Zachariah. The series features characters from Cassandra Clare's Mortal Instruments, Infernal Devices, Dark Artifices and the upcoming Last Hours series.",romance,,2019,google_books,CR7DxgEACAAJ,"Cassandra Clare, Sarah Rees Brennan, Maureen Johnson, Kelly Link, Robin Wasserman",en
2a69468aeccd27c6,libro,Toxic Bachelors,"Three daunting bachelors embark on a journey to the Mediterranean where they face women who challenge their deepest relationship phobias, sparking big changes in the once-carefree trio that just might put an end to their carousing days.",romance,5.0,2005,google_books,9vVlAAAAMAAJ,Danielle Steel,en
4566b95c213167ee,libro,Devoted in Death HB,Eve Dallas tracks a young couple whose heated passion for each other is fueled by cold brutality.,romance,,2015,google_books,oeHGrQEACAAJ,J. D. Robb,en
6766263d9e175513,libro,Tara Road,"Thanks to a chance phone call, Ria from Dublin and Marilyn from New England switch houses for the summer with extraordinary results when they are drawn into lifestyles vastly different than their own.",romance,,1999,google_books,dh6-QgAACAAJ,Maeve Binchy,en
deb1972d75102e54,libro,North and South,"Milton is a sooty, noisy northern town centred around the cotton mills that employ most of its inhavitants. Arriving from a rural idyll in the South, Margaret Hale is initially shocked by the social unrest and povery she finds in her new home town -- back cover.",romance,,1927,google_books,A1Dtmi0VdMwC,Elizabeth Cleghorn Gaskell,en
b14a67c8a650903c,libro,Lives of the Caesars,"The Lives of the Caesars include the biographies of Julius Caesar and the eleven subsequent emperors: Augustus, Tiberius, Gaius Caligula, Claudius, Nero, Galba, Otho, Vitelius, Vespasian, Titus, Domitian. It was Robert Graves's primary reference source when he was writing I, Claudius. Suetonius composed his material from a variety of sources, without much concern for their reliability. His biographies consist the ancestry and career of each emperor in turn; however, his interest is not so much analytical or historical, but anecdotal and salacious which gives rise to a lively and provocative succession of portraits. The account of Julius Caesar does not simply mention his crossing of the Rubicon and his assassination, but draws attention to his dark piercing eyes and attempts to conceal his baldness. The life of Caligula presents a vivid picture of the emperor's grotesque appearance, his waywardness, and his insane cruelties. The format and style of Suetonius' Lives of the Caesars was to set the tone for biography throughout western literature--his work remains thoroughly readable and full of interest. Indeed, it was Robert Graves's primary reference source when he was writing I, Claudius, and those who have read his book will enjoy the original accounts as set down here.",biography,,2000,google_books,MoxfAAAAMAAJ,Suetonius,en
f937d122b001b481,libro,The Silent Steppe,"""Here is a rare book. It is the first-person story of Mukhamet Shayakhmetov, born into a family of nomadic Kazakh herdsmen in 1922, the year of the consolidation of Soviet rule across his people's vast steppe-land in central Asia, specifically eastern Kazakhstan."" ""Thus was brought to an end, with dread ideological ruthlessness, a way of life of sanctified interdependence between man and nature. Designated as a kulak, Mukhamet's father was imprisoned as 'an enemy of the people', and his family were stripped of all possessions, including livestock, and ostracised."" ""Collectivisation of agriculture was forcibly imposed, and famine ensued. In the years 1932-34 alone, well over a million Kazakhs died: more than a quarter of the indigenous population across a territory as great as western Europe. Of all this, the outside world knew - or chose to know - nothing."" ""Somewhat as Wild Swans laid bare the truth of Mao's China, so The Silent Steppe awakens the reader to the scale of suffering of millions in Soviet central Asia under Stalin."" ""Shayakhmetov takes his story to his recruitment in the Red Army, his wounding at Stalingrad, and his long trek home as a discharged solider at the age of 21. He is today in his mid-eighties.""--BOOK JACKET.",biography,,2006,google_books,R0xpAAAAMAAJ,Mukhamet Shai͡akhmetov,en
74a15c4159158bef,libro,"Evariste Galois, 1811-1832 (Matematica Sulle Barricate)","It took more than seventy years to fully understand the French mathematician's first memoire (published in 1846) which formulated the famous 'Galois theory' concerning the solvability of algebraic equations by radicals, from which group theory would follow. Obscurities in his other writings - memoires and numerous fragments of extant papers - persist and his ideas challenge mathematicians to this day. Thus scholars will welcome those chapters devoted specifically to explicating all aspects of Galois' work.",biography,,1996,google_books,Vyg9AQAAIAAJ,Laura Toti Rigatelli,en
932c306860ac1381,libro,A Fatal Passion,"Chronicling the years from 1876 to 1939, ""A Fatal Passion"" tells the compelling story of Grand Duchess Victoria Melita, granddaughter of Queen Victoria and Emperor Alexander of Russia, and the tragic aftermath of the Russian Revolution. of photos.",biography,,1997,google_books,cNNoAAAAMAAJ,Michael John Sullivan,en
514b5f76575200ad,libro,A Mother's Ordeal,"Disturbed by a series of harrowing ""birth-control"" experiences, Chi An applied for a visa to join her husband, who was studying at a university in the U.S. Not long after she arrived in America, the tables were turned: Chi An found herself pregnant. Since Chi An and her family planned to return to China, she was forced to seek permission from Chinese officials to have a second child. The Chinese authorities responded with a resounding no, insisting that Chi An ""fix this problem as soon as possible."" After much anguished debate, Chi An and her husband decided to cut their ties to their homeland and applied to the U.S. government for asylum. America was not responsive and, instead, initiated deportation procedures. China expert Steven Mosher stepped in, helping Chi An win her case and ultimately effecting a policy change that protects families in similar situations.",biography,,1993,google_books,amVmAAAAMAAJ,Steven W. Mosher,en
4c973057affcbeae,libro,The Lord of Uraniborg,"The Lord of Uraniborg is a comprehensive biography of Tycho Brahe, father of modern astronomy, famed alchemist and littérateur of the sixteenth-century Danish Renaissance. Written in a lively and engaging style, Victor Thoren's biography offers interesting perspectives on Tycho's life and presents alternative analyses of virtually every aspect of his scientific work. A range of readers interested in astronomy, history of astronomy and the history of science will find this book fascinating.",biography,,1990,google_books,F5a83U4B8XkC,"Victor E. Thoren, John Robert Christianson",en
518fed1c6d395c84,libro,Edward Albee,"Mel Gussow's critically-acclaimed biography of the three-time Pulitzer Prize-winning playwright (Seascape, A Delicate Balance, The Zoo Story), who first electrified the American theatre scene in the 1960s with his groundbreaking The Zoo Story followed by the legendary Who's Afraid of Virginia Woolf?",biography,,1999,google_books,jCNaAAAAMAAJ,Mel Gussow,en
61738a4b888f2066,libro,Bitter Glory,"""In Bitter Glory, Richard M. Watt tells the story of the independent Poland of 1918-1939. He also gives the definitive account in English of the dominant figure in this story, the Polish freedom fighter and strongman Józef Piłsudski. Watt describes the underground warfare Piłsudski waged against czarist rule; how the Poles deftly exploited World War I to achieve independence; the problems that racked the new state; the country's drift toward fascism; and its debacle at the hands of the Nazis, in which Poland lost its freedom."" --",history,,1979,google_books,2DC1AAAAIAAJ,Richard M. Watt,en
6366aee4b6b29c09,libro,"Latin, Or, The Empire of the Sign","A wide-ranging & highly readable history of Latin between the sixteenth & twentieth centuries - a period when it dominated the civic & sacred worlds of Europe and, arguably, the entire western world. Latin explores the institutional contexts in which the language was adopted & transmitted as well as the privilege it came to confer on those that studied it. Annotation. Though the once burning question of Latin's place in school curricula has been overshadowed by other issues, Waquet (Centre National de la Recherche Scientifique, Paris) feels the need for a resolutely historical account of the language that is not a pamphlet or an exercise in special pleading. She writes a social history of Latin in the modern era, analyzing the uses made of it and the discourses concerning it. The 1998 Le latin ou l'empire d'un signe, published by Editions Albin Michel, is translated by John Howe.",history,,2001,google_books,Q2RxAAAAIAAJ,Françoise Waquet,en
7c345f958ad8d367,libro,Russia and the Russians,"Chronicles the history of the Russian Empire from the Mongol Invasion, through the Bolshevik Revolution, to the aftereffects of the Cold War.",history,5.0,2001,google_books,oh-5AAmboMUC,Geoffrey A. Hosking,en
39e0ddce84ed2c1d,libro,A History Of Persia (Volume 2),"This is a facsimile of a classic history first published by Macmillan in 1915 and issued in two further editions by Routledge and Kegan Paul. Sir Percy Sykes was an explorer, consul, soldier and a spy who lived and travelled in Persia over a period of twenty-five years. This two-volume collection provides a comprehensive history of Persia from Alexander the Great, through British, French and Russian colonialism, to the early twentieth century oil industry. With a new introduction by Sykes' biographer, Antony Wynn, this comprehensive history provides essential background reading to students and academics of Persia.",history,,2013,google_books,TfoDAQAAQBAJ,Sir Percy Sykes,en
208c87094de5815f,libro,METEOROLOGY,"�WE have already discussed the first causes of nature, and all natural motion, also the stars ordered in the motion of the heavens, and the physical element-enumerating and specifying them and showing how they change into one another-and becoming and perishing in general. There remains for consideration a part of this inquiry which all our predecessors called meteorology. It is concerned with events that are natural, though their order is less perfect than that of the first of the elements of bodies. They take place in the region nearest to the motion of the stars. Such are the milky way, and comets, and the movements of meteors. It studies also all the affections we may call common to air and water, and the kinds and parts of the earth and the affections of its parts. These throw light on the causes of winds and earthquakes and all the consequences the motions of these kinds and parts involve. Of these things some puzzle us, while others admit of explanation in some degree. Further, the inquiry is concerned with the falling of thunderbolts and with whirlwinds and fire-winds, and further, the recurrent affections produced in these same bodies by concretion. When the inquiry into these matters is concluded let us consider what account we can give, in accordance with the method we have followed, of animals and plants, both generally and in detail. When that has been done we may say that the whole of our original undertaking will have been carried out.�",history,,2017,google_books,FqK0DgAAQBAJ,Aristotle,en
938f3e4ef4e5db22,libro,The Mandaeans,"The Mandaeans were a gnostic sect that arose in the Middle East around the same time as Christianity. This text examines the lives and religion of contemporary Mandaeans and provides an introduction to the religion, showing how its ancient texts inform the living religion, and vice versa.",history,,2002,google_books,2SjoCwAAQBAJ,Jorunn Jacobsen Buckley,en
f62a93e484ee5761,libro,The Clash of Empires,"This book illuminates the cultural legacy of sovereign thinking that emerged from the violent meetings between the British Empire and the Qing Dynasty (1644–1911). Liu demonstrates how the collision of imperial will and competing interests led to the invention of “China,” “the East,” “the West,” and the notion of “the world” in recent history.",history,,2004,google_books,XyN1AAAAMAAJ,Lydia H. Liu,en
9be0e434745725e2,libro,The Reforms of Peter the Great,"This psychologically penetrating revisionist account of the life and rule of Rusia's 18th-century Tsar-reformer develops an important theme - that is, what happens when the drive for ""progress"" is linked to an autocratic, expansionist impulse rather than to a larger goal of human emancipation? And, what has been the price of power - both for Peter and for Russia?",history,,2015,google_books,WcfKBgAAQBAJ,"Evgenii V. Anisimov, J.T. Alexander",en
84076fee3e1a51a4,libro,The Wizard War,"""Reginald Jones was nothing less than a genius. And his appointment to the Intelligence Section of Britain's Air Ministry in 1939 led to some of the most astonishing scientific and technological breakthroughs of the Second World War. In Most Secret War he details how Britain stealthily stole the war from under the Germans' noses by outsmarting their intelligence at every turn. He tells of the 'battle of the beams'; detecting and defeating flying bombs; using chaff to confuse radar; and many other ingenious ideas and devices. Jones was the man with the plan to save Britain and his story makes for riveting reading.""-- Amazon.",history,,1978,google_books,4ehJAAAAMAAJ,Reginald Victor Jones,en
831c6fd03136087c,libro,Singapore Burning,"Churchill called it 'the worst disaster and largest capitulation in British history.' This description of the fall of Singapore on 15 February 1942, after Lt-Gen Percival's surrender led to over 100,000 British, Australian and Indian troops falling into the hands of the Japanese, was no wartime exaggeration. The Japanese had promised that there would be no Dunkirk in Singapore and that was so - no one was spared and its fall led to imprisonment, torture and death for thousands of allied men and women. In this extraordinary book, using much new material from British, Australian, Indian and Japanese sources, Colin Smith has woven together the full and terrifying story of the fall of Singapore and its aftermath. Here, alongside cowardice and incompetence, are forgotten acts of enormous heroism; treachery yet heart-rending loyalty; Japanese compassion as well as brutality from the bravest and most capricious enemy the British ever had to face.",history,3.0,2005,google_books,6fxmAAAAMAAJ,Colin Smith,en
bfd5643ea45968b0,libro,White Heat,"1. Verdenskrig; Teknologi; Teknik; Masseudryddelsesvåben; Taktik; Strategi; Våbenudvikling; Våbenfabrikation; Krigsproduktion; Massehære; Undervandsbåde; Kemisk Krigsførelse; Giftgas; Militær Brug af Gas; Skyttegravskrigsførelse; Trenches; Luftkrigen; Luftkampe; Flyvemaskiner; Flystøtte; Udmattelseskrig; Udmattelseskampe; Undergrundsoffensiv; Mekanisk Offensiv; Underwater Offensive; Afgørende Slag; Balloner; Luftforsvar; Krigsskbe; Østrig-Ungarske Hær; Tyske Hær; Engelske Hær; Franske Hær; Allierede Styrker; Airships; Luftskibe; Schlieffen Planen; Shells; Cambrai; Tanks; Kampvogne; Tabstal; Churchill; Dardanellerne; von Hötzendorff; Kommunikation; Wireless Telegraphy; Telegrafen; Telefonen; Signalering; Signaler; Destroyers; U-både; Foch; Fly; Flandern; Nordfrankrig; Deadlock; BEF; Fastlåst Stillingskrig; Falkenhayen; Entente Cordiale; Manøvrer; Mobilisering; Gallipoli; Joffre; Gorlice; Haig, D.; Heste; indenburg; Italien; Efterretningsvirksomhed; Spioner; Spionage; Lord Kitchener; Industrieller Revolution; Krupp; Logistik; Forsyningstjenesten; Ludendorff; Lloyd George; Zeppeliner; Maskingeværer; von Mackensen; Marne; Ypres; Miner; Landminer; Søminer; Naval Warfare; RAF; Jernbaner; Neuve Chapelle; Rusland; Submarines; Somme; Serbien; Rifler; Rifelmodeller; Skarpskytter; Verdun; Vimy Ridge; US Army; Vestfronten; Østfronten; Open Warfare; Tyrkiet; Smoke; Røgslør; Røg; Petain; Loos; Bayonetter; Byng, J.; Sårbarhed; Bombardementer; Dreadnoughts",history,,1982,google_books,40q5AAAAIAAJ,John Terraine,en
3a0af2c0a2632389,libro,In the Shadow of the Prophet,"As war, pestilence, and famine spread through Europe in the Middle Ages, so did reports of miracles, of hopeless victims wondrously saved from disaster. These ""rescue miracles,"" recorded by over one hundred fourteenth-century cults, are the basis of Michael Goodich's account of the miraculous in everyday medieval life. Rescue miracles offer a wide range of voices rarely heard in medieval history, from women and children to peasants and urban artisans. They tell of salvation not just from the ravages of nature and war, but from the vagaries of a violent society—crime, unfair judicial practices, domestic squabbles, and communal or factional conflict. The stories speak to a collapse of confidence in decaying institutions, from the law to the market to feudal authority. Particularly, the miraculous escapes documented during the Hundred Years' War, the Italian communal wars, and other conflicts are vivid testimony to the end of aristocratic warfare and the growing victimization of noncombatants. Miracles, Goodich finds, represent the transcendent and unifying force of faith in a time of widespread distress and the hopeless conditions endured by the common people of the Middle Ages. Just as the lives of the saints, once dismissed as church propaganda, have become valuable to historians, so have rescue miracles, as evidence of an underlying medieval mentalite. This work expands our knowledge of that state of mind and the grim conditions that colored and shaped it.",history,,1998,google_books,xA7YAAAAMAAJ,Milton Viorst,en
3be2b258399a1343,libro,The Past in Ruins,Acknowledgments p. xi Introduction p. 3 1 The Meaning of Tradition p. 8 2 Tradition Under Stress p. 20 3 Shaking the Foundations p. 40 4 Survivals and Fabrications p. 62 5 Rethinking Tradition p. 77 6 Reappropiating Tradition Through Its Traces p. 92 7 Subversive Genealogy p. 107 8 The Tactics of Tradition p. 120 9 Conclusion p. 131 Notes p. 137 Bibliography p. 159 Index p. 171.,history,,1992,google_books,4ABmAAAAMAAJ,David Gross,en
fc4a46cdb64d7f06,libro,With Honour & Glory,This Book Details The Nuclear Weapon Capabilities Of India And Pakistan Prior And Subsequent To The Pokharan And Chagai Tests Of 1998. It Also Deals Wth The Delivery Systems Available To Both Sides And With Possible Command Structure For The Emerging Nuclear Arsenals.,history,,2000,google_books,s5C6yZJZkIQC,Maj Gen Jagjit Singh,en
5738b702305e5ebf,libro,"Women and Confucian Cultures in Premodern China, Korea, and Japan","Representing an unprecedented collaboration among international scholars from Asia, Europe, and the United States, this volume rewrites the history of East Asia by rethinking the contentious relationship between Confucianism and women. The authors discuss the absence of women in the Confucian canonical tradition and examine the presence of women in politics, family, education, and art in premodern China, Korea, and Japan. What emerges is a concept of Confucianism that is dynamic instead of monolithic in shaping the cultures of East Asian societies. As teachers, mothers, writers, and rulers, women were active agents in this process. Neither rebels nor victims, these women embraced aspects of official norms while resisting others. The essays present a powerful image of what it meant to be female and to live a woman’s life in a variety of social settings and historical circumstances. Challenging the conventional notion of Confucianism as an oppressive tradition that victimized women, this provocative book reveals it as a modern construct that does not reflect the social and cultural histories of East Asia before the nineteenth century.",history,,2003,google_books,Ao2fypcYVuEC,"Dorothy Ko, JaHyun Kim Haboush, Joan Piggott",en
28f73aac0ae1e0f4,libro,Essays in Radical Empiricism,"This vintage book comprises Henry James's seminal philosophical treatise, 'Essays in Radical Empiricism'. The ideas outlined within this text underpin James's work, and are key to understanding the mind of this most important of philosophical thinkers. This volume will be of considerable utility to the student of philosophy and those with a keen interest in this influential work. It makes for a veritable must-have for collectors of seminal philosophical works. The chapters of this book include: 'Does ‘consciousness’ Exist?', 'A World Of Pure Experience', 'The Thing And Its Relations', 'How Two Minds Can Know One Thing', 'The Place Of Affectional Facts In A World Of Pure Experience', 'The Experience Of Activity', etcetera. William James (1842 – 1910) was an American philosopher, psychologist, and trained physician. He is hailed as one of the most influential philosophers the United States has ever produced. We are republishing this book now complete with a specially commissioned new biography of the author.",history,,2013,google_books,6NN8CgAAQBAJ,William James,en
c4c1645b07f922c8,libro,The Construction of Homosexuality,"This is a cross-cultural and transhistorical account of the social organization of homosexuality, the ways it is perceived by society and responded to.",history,,1988,google_books,KgxoAAAAIAAJ,David F. Greenberg,en
440d68e39a3220ef,libro,Empire's End,"Published just as England returns Hong Kong to China, ending 500 years of Western colonial presence in Asia, this definitive account of Europe and America's withdrawal offers a masterly, enthralling history filled with greed, idealism, savagery, courage, and treachery. of photos.",history,,1997,google_books,4zPlAAAAMAAJ,John Keay,en
c95aa0cbca17fb04,libro,Asian Horror Encyclopedia,"The Asian Horror Encyclopedia is the first reference work of its kind in English. It covers Asian horror culture in literature, art, film and comics. From its roots in ancient Chinese folklore to the best-selling Japanese horror novelists of today, this book is a handy alphabetic reference, collecting scarce information from obscure sources.",horror,,2001,google_books,9_RvVRPMFeIC,Laurence C. Bush,en
c647874c67e3d846,libro,The Green Mile,A multi-part serial novel that begins on Death Row and burrows inward to the most horrific secrets of the heart.,horror,,1996,google_books,B1ZmvwEACAAJ,Stephen King,en
c36c2404b1a5486c,libro,Carmilla,"The haunting tale of a young woman being seduced by a female vampire, Joseph Sheridan Le Fanu's Carmilla still manages to enthrall its readers almost two centuries later. Predating Dracula by some 26 years, Carmilla (1871) is the first and perhaps greatest of vampire stories.",horror,,2019,google_books,ljmMDwAAQBAJ,Joseph Sheridan Le Fanu,en
60646897b438e438,libro,Spiral,"The popular novel The Ring has seen the lion's share of publicity, but that's not where the story ends. In this adaptation of Suzuki's next novel Spiral (Rasen in Japanese), the legend of Sadako's evil takes a scientific turn, as Ryuji Takayama's old college friend, Mitsuo Ando, must decipher a mysterious code while investigating this strange virus that kills people after watching a video tape. Disbelief gives way to fear. Logic bends to survival. And human evolution changes drastically. What Sadako plans is not simply horror, but something much, much deeper.",horror,,2004,google_books,eHLRAAAACAAJ,"Sakura Mizuki, Koji Suzuki",en
3fc26fee26655a6d,libro,Starving Anonymous 2,"They found themselves in a sinister facility where human feelings are transformed into food… Surrounded by death on all sides, I’e, Natsune, Yamabiki, and Kazu manage to escape from the feedlot with their lives…only to discover the Breeders, women who bear child after child behind bars and men who are driven mad by a cocktail of super-strong aphrodisiacs. What other secrets does the facility hold? In volume 2, the fight to survive unfolds in the desolate depths of the prison!",horror,,2018,google_books,Us5TDwAAQBAJ,Kazu Inabe,en
8b30937aff600674,libro,Roadwork,"When a highway project leaves him unemployed and threatens to destroy his home, one man takes on the forces of progress as he embarks on a vengeful showdown of epic proportions. Reissue.",horror,,1999,google_books,8LeBNQEACAAJ,"Stephen King, Richard Bachman",en
b3581c4f12510879,libro,Lady of the Shades,"In a hotel room in Chile, an assassin washes blood from his clothes as he receives word of a new job. Miles away in the twisting streets of London, American writer Ed is tormented by the ghosts of his brutal past. And unseen, a plot churns into motion that will blur the boundaries between what's real and what's not. Ensnared in an affair with the beautiful wife of a dangerous crime lord, Ed fights to keep a deadly secret hidden. But with each turn, his past is catching up with him. Because in the shadows, nothing is as it seems...",horror,,2013,google_books,dinlygAACAAJ,Darren Shan,en
b4b40ed7dd4f31f0,libro,The Hound of the Baskervilles,"The Hound of the Baskervilles is the third of the crime novels written by Sir Arthur Conan Doyle featuring the detective Sherlock Holmes. Originally serialised in The Strand Magazine from August 1901 to April 1902, it is set largely on Dartmoor in Devon in England's West Country and tells the story of an attempted murder inspired by the legend of a fearsome, diabolical hound of supernatural origin. Sherlock Holmes and his companion Dr. Watson investigate the case. This was the first appearance of Holmes since his apparent death in ""The Final Problem,"" and the success of The Hound of the Baskervilles led to the character's eventual revival.",horror,,2018,google_books,V1EttAEACAAJ,SIR ARTHUR CONAN. DOYLE,en
5f9af384df4c6754,libro,The Betrothed,"But Alessandro Manzoni is not only a skilful painter of individual portraits, he excels also in grand historical representations. In that of the plague at Milan, and the famine preceding it, his manner becomes bolder, his touch more free and majestic, without, however, losing any of its exquisite delicacy. When he represents an entire people rebelling against hunger, or vanquished by disease and death, we deeply feel the horror of the picture, at the same time that an occasional smile is elicited by the comic genius of the artist, which exercises itself even amidst the agonies of famine and pestilence, so that, through the grand design of the exhibition, the delicate touches of the pencil are still visible, and individual character perceptible through the very depths of bold and general description; it is Van Dyck painting on the reverse of one of Michael Angelo's pictures. - Taken from ""The Betrothed"" written by Alessandro Manzoni",horror,,2019,google_books,lSt7xQEACAAJ,Alessandro Manzoni,en
1a24edc23c50b620,libro,The Mask of Cthulhu,"Five novellas and the short story, ""Some thing in wood"", tales of horror and terror, which continue the narrative of the Mythos, a creation of H. P. Lovecraft.",horror,,1958,google_books,Z9Ma3cq3BL0C,August Derleth,en
ac3a1b859ac00a0d,libro,Unnatural Creatures,"The griffin, the sunbird, manticores, unicorns ­- all manner of glorious creatures never captured in zoos, museums or photographs are packed vividly into this collection of stories. Neil Gaiman has included some of his own childhood favourites alongside stories classic and modern to spark the imagination of readers young and old. All contributors have given their work free to benefit Dave Eggers' literacy charity, 826DC. Also includes a new Neil Gaiman Story.",horror,,2013,google_books,qMikAwAAQBAJ,Neil Gaiman,en
c833fd423625e439,libro,As the World Dies Untold Tales Volume 1,"THE FIRST DAYS: AS THE WORLD DIES introduced Jenni and Katie and their harrowing journey to the makeshift fort in the Texas Hill Country. But theirs is not the only tale to be told. In the first volume of the AS THE WORLD DIES UNTOLD TALES experience three terrifying tales of those who are forced to face the unrelenting and hungry walking dead. Deep in the Texas Hill Country, a man and his little dog takes refuge in a bed and breakfast located in the hills above a doomed town where an infested rescue center might unleash the hungry undead… On a deserted highway slicing through the desolation of West Texas, a woman struggles to survive as she faces the horrifying aftermath of the rise of the zombies… And finally, discover what happens on the first day to Katie’s beloved wife, Lydia, as the world dies…",horror,,2012,google_books,euPwn7HQ1CsC,Rhiannon Frater,en
2e5d781e70b87888,libro,Raven's Gate,"Sent to live in a foster home in a remote Yorkshire village, Matt, a troubled fourteen-year-old English boy, uncovers an evil plot involving witchcraft and the site of an ancient stone circle.",horror,3.0,2006,google_books,mGvFuxVjfn0C,Anthony Horowitz,en
a474031a1af43487,libro,The Call of Cthulhu,Complete and unabridged paperback edition.,horror,,2019,google_books,EfxRwwEACAAJ,H. P. Lovecraft,en
d15ed47bc5f9ebf7,libro,Thinner,Billy Halleck's nightmare begins after he sideswipes an old Gypsy woman as she is crossing the street: he loses ninety-three pounds within six weeks.,horror,,1985,google_books,1YP-hfna5ewC,"Stephen King, Richard Bachman",en
5d668b6e9927e2d2,libro,Fables,"Edition enrichie (Préface, notes, notes complémentaires, chronologie et bibliographie) Les Fables occupent une place singulière dans notre mémoire : par le souvenir que nous gardons de ces poèmes devant lesquels nous sommes restés enfants, mais aussi par la grâce de tant de vers devenus proverbiaux et que notre parole quotidienne fait renaître. Et tout se passe comme si une correspondance secrète se maintenait de siècle en siècle entre ces Fables et l'identité de notre pays comme de notre langue. Le premier recueil paraît en 1668, et le second dix ans plus tard. Le succès est immense et les poèmes, alors, appartiennent pleinement à leur temps : la France du règne de Louis XIV. Mais le mystère de leur pouvoir est de s'émanciper très vite de cet environnement immédiat, d'éclairer nos réalités successives, d'allier de manière toujours éclatante le particulier et l'universel. Dans cette «comédie à cent actes divers, / Et dont la scène est l'Univers», le texte se dérobe à toute signification définitive. Mais La Fontaine, à chaque page, nous convainc que la poésie, à ses yeux, demeure instrument de connaissance : il existe une beauté du savoir - et nous ne cessons pas de la retrouver en lui. Edition de Jean-Charles Darmon et Sabine Gruffat.",poetry,,2012,google_books,LPhkBgAAQBAJ,Jean de La Fontaine,fr
95cd2c1cc5721868,libro,Les Dones i Els Dies,Ferrater is a poet of personal experience & succeeds like no other poet in capture the feeling of Catalan Society both during & since the Spanish Civil War. An extraordinary powerful & evocative collection of poems.,poetry,,2004,google_books,wM8hAQAAIAAJ,Gabriel Ferrater,en
5e1a11bcf50138c5,libro,In the Seven Woods,"From reviews of The Cornell Yeats series: ""For students of Yeats the whole series is bound to become an essential reference source and a stimulus to important critical re-readings of Yeats's major works. In a wider context, the series will also provide an extraordinary and perhaps unique insight into the creative process of a great artists.""--Irish Literary Supplement ""I consider the Cornell Yeats one of the most important scholarly projects of our time.""--A. Walton Litz, Princeton University, coeditor of The Collected Poems of William Carols Williams and Personae: The Shorter Poems of Ezra Pound ""The most ambitious of the many important projects in current studies of Yeats and perhaps of modern poetry generally.... The list of both general and series editors, as well as prospective preparers of individual volumes, reads like a Who's Who of Yeats textual studies in North America. Further, the project carries the blessing of Yeats's heirs and bespeaks an ongoing commitment from a major university press.... The series will inevitably engender critical studies based on a more solid footing than those of any other modern poet.... Its volumes will be consulted long after gyres of currently fashionable theory have run on.""--Yeats Annual (1983) This volume presents the surviving manuscripts, typescripts, and early printed texts for all of the poems W. B. Yeats included at one time or another in two remarkably significant and protean collections: In the Seven Woods, first published in 1903, and The Green Helmet and Other Poems, first published in 1910. It also documents the extant early record for seven poems Yeats wrote between 1899 and 1914 but either never published or never attached to one of his plays or collections of poems. During this crucial period in his career, Yeats transformed himself from a talented late-Victorian aesthete to a major modernist poet. The photographs and transcriptions provided here reveal much about how this remarkable change occurred. They are accompanied by ample supporting materials, including a descriptive bibliography of the manuscripts and an extensive critical introduction.",poetry,,2002,google_books,6DiaAAAAIAAJ,William Butler Yeats,en
4f177e45299bedf6,libro,Hermann and Dorothea,"""Hermann and Dorothea"" by Johann Wolfgang von Goethe is a timeless epic poem that unfolds against the backdrop of rural Germany. Set during a time of social upheaval and political change, Goethe's narrative follows the love story of Hermann and Dorothea, two young individuals from different social classes. As their romance blossoms amidst the chaos of the French Revolution, Goethe weaves a rich tapestry of themes including love, friendship, and the search for identity. Through vivid descriptions and lyrical language, he captures the essence of small-town life, while also addressing larger societal issues of the time. ""Hermann and Dorothea"" stands as a masterpiece of German literature, showcasing Goethe's unparalleled skill in blending the personal and the political into a captivating narrative that continues to resonate with readers today.",poetry,,2024,google_books,hJX7EAAAQBAJ,Wolfgang Johann Von Goethe,en
2499742322967ac1,libro,Rubaiyat of Omar Khayyam,"Rubaiyat, originally composed by Omar Khayyam, suggests withdrawal from the sorry scheme of things. Over the centuries it has gained immense fame for its romantic melancholy. First published in March 1859 as an unpretentious and anonymous pamphlet, its true literary worth was later discovered by Rossetti and Swinburne.",poetry,,2002,google_books,-s6MPwAACAAJ,"Omar Khayyám, Edward FitzGerald",en
c3ef3ba731a7f204,libro,Divan of Hafeez,"DIVAN OF HAFEEZ Translation & Introduction Paul Smith This is a completely revised one volume edition of the only modern, poetic version of Hafeez's masterpiece of 791 ghazals, masnavis, ruba'is and other poems/songs. The spiritual and historical and human content is here in understandable, beautiful poetry: the correct rhyme-structure has been achieved, without intruding, in readable English. In the Introduction of 70 pages his wonderful life story is told in greater detail than anywhere else; his spirituality is explored, his influence on the life, poetry and art of the East and the West, the form and function of his poetry, and the use of his book as a worldly guide and spiritual oracle. His Divan, like the I Ching, is one of the world's Great Oracles. Included are notes to most poems, a glossary and a selected bibliography and two indexes. First published in a limited two-volume limited edition in 1986 the book quickly went out of print. Large Format Edition 7"" x 10"" 656 pages. Goethe: ""In his poetry Hafeez inscribed undeniable truth indelibly! He has no peer!"" Gertrude Bell: ""It is as if his mental Eye, endowed with wonderful acuteness of vision, had penetrated into those provinces of thought which we of a later age were destined to inhabit."" Meher Baba: ""There is no equal to Hafeez in poetry. He was a Perfect Master ... His Divan is the best book in the world because it engenders feelings which ultimately lead to illumination."" COMMENTS ON PAUL SMITH'S TRANSLATION OF HAFEEZ'S 'DIVAN'. ""It is not a joke... the English version of ALL the ghazals of Hafeez is a great feat and of paramount importance. I am astonished.."" Dr. Mir Mohammad Taghavi (Dr. of Literature) Tehran. ""Superb translations. 99% Hafiz 1% Paul Smith."" Ali Akbar Shapurzman, translator of English to Persian and knower of Hafiz's Divan off by heart. ""Smith has probably put together the greatest collection of literary facts and history concerning Hafiz."" Daniel Ladinsky (Penguin Books author). Paul Smith (b. 1945) is a poet, author and translator of many books of Sufi poets of Persian, Arabic, Urdu, Turkish and other languages including Hafeez, Sadi, Nizami, Rumi, 'Attar, Sana'i, Jahan Khatun, Obeyd Zakani, Mu'in ud-din Chishti, Amir Khusrau, Nesimi, Kabir, Anvari, Ansari, Jami, Khayyam, Hallaj, Rudaki, Yunus Emre Ghalib, Iqbal, Makhfi, Lalla Ded, Abu Nuwas, Jigar, Seemab and many others, as well as his own poetry, fiction, plays, biographies, kids books and a dozen screenplays. www.newhumanitybooks.com",poetry,,2018,google_books,lkOZtwEACAAJ,Hafeez,en
5bbcadc62b5d04f7,libro,"Romanticism, Hermeneutics, and the Crisis of the Human Sciences","This study questions the Romantics' belief that the imaginative poetry of feeling could overcome the alienating effects of Cartesian rationalism, and reform civilisation by wedding the mind to this goodly universe. It begins by surveying modern hermeneutics, which attempted to develop a science of interpretation compatible with Romantic tenets. Underlying these was the belief that human nature itself could be known intimately and developed autonomously. Observing the repeated crises of self-legitimisation that thence ensued, it enquires into the purposes of the humanities. After examining how human nature had been understood in the Western tradition until the Enlightenment, the focus shifts to the attack in Coleridge's Biographia Literaria on Wordsworth's 1802 Preface to Lyrical Ballads, and to a reading of some key Romantic texts. It reads Coleridge's famous definition of the imagination as an attack on Romantic hermeneutics, rooted in the traditional view that man has been created in Imago Dei.",poetry,,2004,google_books,ClrDwAEACAAJ,Scott Masson,en
f6a58eda30063af6,libro,Western Wind,"""ABOUT THE AUTHOR; John Frederick Nims was born in Muskegon, Michigan in 1913. He received his M.A. from the University of Notre Dame and his Ph.D. in Comparative Literature from the University of Chicago. He has taught poetry and work- shops in the writing of poetry at Notre Dame, the University of Illinois, the University of Toronto, and Harvard and is presently teaching at the University of Florida. He has also been a Visiting Professor at the univer- sities of Florence and Madrid. Professor Nims is the author of four books of poetry-The Iron Pastoral, A Fountain in Kentucky, Knowledge of the Evening, and Of Flesh and Bone-which have brought him awards from the National Foundation for the Arts and Humanities and The American Academy of Arts and Letters. His Knowledge of the Evening was a National Book Award Nominee. Professor Nims has also published several books of translations, including Sappho to Valéry: Poems in Translation and The Poems of St. John of the Cross. On the staff of Poetry for several years, he spent one year as its Visiting Editor. Professor Nims has also been on the staff of many writers' conferences, including the one at Bread Loaf, Vermont, where he served for over 10 years.""- Publisher",poetry,,1974,google_books,KFcNAQAAMAAJ,John Frederick Nims,en
fc49389c49a8d244,libro,Gitanjali,"If the day is done, if birds sing no more, if the wind has flagged tired, then draw the veil of darkness thick upon me, even as thou hast wrapt the earth with the coverlet of sleep and tenderly closed the petals of the drooping lotus at dusk.",poetry,,2004,google_books,onnfGQAACAAJ,Rabindranath Tagore,en
daeb67826b2cff38,libro,Rubá'iyát of Omar Khayyám,"Rubáiyát of Omar Khayyám is a collection of poems attributed to the Persian mathematician and astronomer Omar Khayyam. This edition features the work of translator Edward Fitzgerald, as well as beautiful illustrations from Paul Elder and Company and Tomoyé Press. This work has been selected by scholars as being culturally important, and is part of the knowledge base of civilization as we know it. This work is in the ""public domain in the United States of America, and possibly other nations. Within the United States, you may freely copy and distribute this work, as no entity (individual or corporate) has a copyright on the body of the work. Scholars believe, and we concur, that this work is important enough to be preserved, reproduced, and made generally available to the public. We appreciate your support of the preservation process, and thank you for being an important part of keeping this knowledge alive and relevant.",poetry,,2023,google_books,hyob0AEACAAJ,"Omar Khayyam, Tomoyé Press Bkp Cu-Banc, Paul Elder and Company (1909) Bkp Cu",en
619badabd19a8e94,libro,What Coleridge Thought,Please put price both in barcode and separately on back cover.,poetry,,1971,google_books,D_YIAQAAIAAJ,Owen Barfield,en
55235f84852452b4,libro,Songs of Innocence and Songs of Experience,"Songs of Innocence and of Experience is a seminal collection of poetry by William Blake that captures the duality of the human experience through two contrasting visions: innocence and experience. Published in two parts, the poems explore themes of childhood, spirituality, and the loss of innocence amidst a rapidly industrializing society. Blake's unique perspective encourages readers to reflect on the complexities of human existence and the profound impacts of societal norms. The first section, Songs of Innocence, celebrates the purity and joy of childhood, portraying a world filled with wonder and divine presence. Through simple yet profound verses, Blake emphasizes themes of harmony, connection to nature, and the beauty of the untainted soul. Conversely, the second section, Songs of Experience, presents a more somber and critical view of life filled with disillusionment, moral ambiguity, and the harsh realities of adult life. It engages with themes of oppression, social injustice, and the loss of that initial innocence. Blake’s innovative use of imagery and symbolism, combined with his illustrated designs, offers a rich visual and literary experience that confronts readers with the tensions between innocence and experience. Songs of Innocence and of Experience remains a vital exploration of the human condition and a cornerstone of Romantic literature that resonates through generations, inviting contemplation on the complexities we face as we navigate our lives.",poetry,,2025,google_books,zCBcEQAAQBAJ,William Blake,en
2ec0ef79b1a86344,libro,Songs of Kabir,"Songs of Kabir, translated into English and published by The India Society in 1914, is a selection of songs from the Hindu mystic Kabir which promotes his teachings of love, joy, and beauty. A progressive thinker for his time and a married man who lived a common life, Kabir sang of harmony between all peoples and attaining oneness with God. Considered heretical by Hindus and Muslims because of its rejection of organized religion, the Songs of Kabir give an interesting look into mystic ideals and culture.KABIR (1440-1518) was a Hindu mystic, poet and saint, blessed with the name of God as a baby by his teacher, the bhakti saint Ramananda (Kabir is the 37th name of God in Koran, meaning ""The Great""). Influenced by both Hindu and Muslim theologies, Kabir's teachings produced solutions that were said to put believers of both religions in harmony, creating a path that all could follow. Kabir authored dozens of poems and songs, the most famous being Bijak, or ""The Seedling,"" espousing his view on universal spirituality. Today, he has almost 10 million followers known as kabir panthis who spread his ideologies throughout India.",poetry,,2010,google_books,IQm7jYmUnvgC,Kabir,en
2c5d433d88bb81fc,libro,Lucretius - Poem on Nature,"This famous cross between poetry and philosophy follows Lucretius' enquiring, scientific mind as he investigates the workings of mirror images, thunderstorms and magnetism, and the significance of sleep. The poem's power lies in the tension between the brief, sensuous richness of life and Lucretius' overarching belief in an empty universe of eternally recurring elements.",poetry,,2003,google_books,-QRrAAAACAAJ,Titus Lucretius Carus,en
3324aa8b9c7a69c1,libro,The Light of Asia,"The Light of Asia is an unchanged, high-quality reprint of the original edition of 1890. Hansebooks is editor of the literature on different topic areas such as research and science, travel and expeditions, cooking and nutrition, medicine, and other genres. As a publisher we focus on the preservation of historical literature. Many works of historical writers and scientists are available today as antiques only. Hansebooks newly publishes these books and contributes to the preservation of literature which has become rare and historical knowledge for the future.",poetry,,2017,google_books,ltiFtAEACAAJ,Edwin Arnold,en
4e2a43533eb57218,libro,The American Prose Poem,"Michel Delville's book is the first full-length work to provide a critical and historical survey of the American prose poem from the early years of the twentieth century to the 1990s. Delville reassesses the work of established prose poets in relation to the history of modern poetry and introduces writings by some whose work in the form has so far escaped mainstream critical attention (Sherwood Anderson, Kenneth Patchen, Russell Edson). He describes the genre's European origins and the work of several early representatives of a modern tradition of the prose lyric (Charles Baudelaire, Max Jacob, Franz Kafka, and James Joyce).",poetry,,1998,google_books,YF3lwAEACAAJ,Michel Delville,en
f0c400c93c38bd63,libro,大海停止之處,"Since the heady days of the Beijing Spring in the late 1970s, Yang Lian has forged complex poetry whose themes are the search for a Yeatsian mature wisdom, accommodation of modernity within the ancient and book-haunted Chinese tradition and a rapprochement between the literatures of East and West. Poetry Book Society Recommended Translation.",poetry,,1999,google_books,rQYSAAAAYAAJ,楊煉,en
